"Date,""Close"",""Open"",""High"",""Low"",""Volume"",""Change in Percentage"""
"29/07/2022,""520,20"",""521,34"",""528,77"",""520,20"",""2,76B"",""-0,22%"""
"28/07/2022,""521,32"",""518,18"",""524,84"",""518,18"",""4,04B"",""0,61%"""
"27/07/2022,""518,18"",""514,98"",""519,05"",""513,77"",""2,59B"",""0,63%"""
"26/07/2022,""514,95"",""514,29"",""517,82"",""514,02"",""2,00B"",""0,13%"""
"25/07/2022,""514,29"",""518,04"",""520,25"",""514,29"",""1,60B"",""-0,73%"""
"22/07/2022,""518,07"",""516,74"",""519,16"",""514,90"",""2,39B"",""0,26%"""
"21/07/2022,""516,74"",""518,29"",""519,77"",""510,95"",""1,93B"",""-0,30%"""
"20/07/2022,""518,29"",""504,48"",""518,84"",""504,39"",""3,52B"",""2,74%"""
"19/07/2022,""504,45"",""499,76"",""505,70"",""494,87"",""3,12B"",""0,93%"""
"18/07/2022,""499,78"",""499,11"",""503,65"",""494,15"",""2,38B"",""0,15%"""
"15/07/2022,""499,04"",""504,38"",""506,38"",""498,49"",""2,40B"",""-1,06%"""
"14/07/2022,""504,38"",""497,49"",""505,57"",""494,98"",""2,28B"",""1,39%"""
"13/07/2022,""497,49"",""505,23"",""505,86"",""496,85"",""2,46B"",""-1,53%"""
"12/07/2022,""505,20"",""507,53"",""508,61"",""505,18"",""2,03B"",""-0,46%"""
"11/07/2022,""507,53"",""511,53"",""513,73"",""504,34"",""1,74B"",""-0,78%"""
"08/07/2022,""511,51"",""504,12"",""511,85"",""504,12"",""2,85B"",""1,47%"""
"07/07/2022,""504,08"",""503,43"",""507,40"",""501,97"",""2,37B"",""0,14%"""
"06/07/2022,""503,36"",""509,36"",""510,17"",""499,45"",""2,69B"",""-1,18%"""
"05/07/2022,""509,39"",""506,36"",""516,53"",""505,67"",""3,01B"",""0,60%"""
"04/07/2022,""506,36"",""519,41"",""519,66"",""499,41"",""2,51B"",""-2,52%"""
"01/07/2022,""519,46"",""529,19"",""532,20"",""516,88"",""2,58B"",""-1,84%"""
"30/06/2022,""529,22"",""531,20"",""535,65"",""528,51"",""3,05B"",""-0,37%"""
"29/06/2022,""531,18"",""537,53"",""539,54"",""531,18"",""2,52B"",""-1,20%"""
"28/06/2022,""537,61"",""539,46"",""539,55"",""533,80"",""2,88B"",""-0,34%"""
"27/06/2022,""539,46"",""544,03"",""546,08"",""535,79"",""3,11B"",""-0,84%"""
"24/06/2022,""544,03"",""540,97"",""546,96"",""540,20"",""4,58B"",""0,56%"""
"23/06/2022,""541,02"",""538,63"",""542,41"",""533,81"",""3,03B"",""0,45%"""
"22/06/2022,""538,61"",""544,32"",""545,75"",""536,58"",""3,53B"",""-1,05%"""
"21/06/2022,""544,32"",""538,59"",""545,02"",""536,69"",""4,28B"",""1,07%"""
"20/06/2022,""538,55"",""533,11"",""538,55"",""526,33"",""5,93B"",""1,03%"""
"17/06/2022,""533,06"",""537,11"",""539,08"",""529,25"",""5,27B"",""-2,07%"""
"16/06/2022,""544,30"",""548,67"",""553,57"",""541,43"",""6,28B"",""0,30%"""
"15/06/2022,""542,69"",""543,36"",""548,78"",""538,16"",""5,56B"",""-0,53%"""
"14/06/2022,""545,59"",""534,90"",""545,59"",""534,77"",""6,92B"",""1,00%"""
"13/06/2022,""540,21"",""533,98"",""540,21"",""531,04"",""6,63B"",""-0,78%"""
"10/06/2022,""544,44"",""549,37"",""552,26"",""541,14"",""6,71B"",""-1,69%"""
"09/06/2022,""553,78"",""554,95"",""561,74"",""553,16"",""8,88B"",""-0,39%"""
"08/06/2022,""555,92"",""549,19"",""558,27"",""545,19"",""2,08B"",""1,07%"""
"07/06/2022,""550,05"",""554,06"",""556,17"",""550,05"",""2,04B"",""-0,60%"""
"06/06/2022,""553,36"",""554,49"",""557,67"",""548,29"",""1,66B"",""-0,72%"""
"03/06/2022,""557,40"",""559,20"",""563,13"",""557,40"",""2,00B"",""0,32%"""
"02/06/2022,""555,60"",""562,05"",""563,70"",""553,27"",""2,45B"",""-1,66%"""
"31/05/2022,""564,99"",""553,67"",""564,99"",""552,33"",""3,51B"",""2,64%"""
"30/05/2022,""550,49"",""555,10"",""555,26"",""544,77"",""1,76B"",""-0,25%"""
"27/05/2022,""551,89"",""547,88"",""551,89"",""545,46"",""1,79B"",""2,34%"""
"25/05/2022,""539,29"",""543,40"",""546,16"",""538,08"",""1,95B"",""-0,73%"""
"24/05/2022,""543,27"",""537,49"",""546,90"",""537,49"",""2,58B"",""1,51%"""
"23/05/2022,""535,20"",""543,87"",""545,33"",""532,31"",""2,01B"",""-1,33%"""
"20/05/2022,""542,40"",""540,78"",""546,64"",""540,53"",""2,19B"",""0,61%"""
"19/05/2022,""539,13"",""533,45"",""541,46"",""529,29"",""2,46B"",""-0,73%"""
"18/05/2022,""543,10"",""540,82"",""544,63"",""536,48"",""2,47B"",""1,19%"""
"17/05/2022,""536,73"",""533,60"",""542,24"",""532,51"",""2,33B"",""0,67%"""
"13/05/2022,""533,18"",""530,19"",""538,40"",""526,82"",""3,09B"",""0,15%"""
"12/05/2022,""532,40"",""547,41"",""547,51"",""529,07"",""2,59B"",""-3,09%"""
"11/05/2022,""549,38"",""549,10"",""557,39"",""547,74"","""",""0,34%"""
"10/05/2022,""547,52"",""527,36"",""548,88"",""527,36"",""3,31B"",""-0,39%"""
"09/05/2022,""549,65"",""572,92"",""574,06"",""548,49"",""3,54B"",""-5,74%"""
"28/04/2022,""583,11"",""584,67"",""587,49"",""582,13"",""3,35B"",""1,19%"""
"27/04/2022,""576,24"",""573,99"",""578,05"",""573,71"",""1,77B"",""-0,11%"""
"26/04/2022,""576,90"",""569,85"",""576,96"",""569,18"",""2,03B"",""1,06%"""
"25/04/2022,""570,86"",""563,79"",""572,35"",""558,23"",""2,11B"",""0,78%"""
"22/04/2022,""566,44"",""566,86"",""572,31"",""562,01"",""2,02B"",""-0,66%"""
"21/04/2022,""570,23"",""566,63"",""572,61"",""565,49"",""2,18B"",""1,16%"""
"20/04/2022,""563,70"",""558,40"",""566,72"",""557,12"",""2,79B"",""1,60%"""
"19/04/2022,""554,81"",""558,36"",""559,56"",""554,33"",""1,62B"",""-0,46%"""
"18/04/2022,""557,34"",""554,93"",""557,91"",""554,77"",""1,53B"",""0,69%"""
"14/04/2022,""553,54"",""558,79"",""559,41"",""553,25"",""1,79B"",""-0,88%"""
"13/04/2022,""558,47"",""556,66"",""559,22"",""554,94"",""2,13B"",""0,90%"""
"12/04/2022,""553,51"",""549,30"",""553,51"",""547,75"",""1,82B"",""0,79%"""
"11/04/2022,""549,19"",""557,54"",""557,54"",""548,51"",""1,81B"",""-1,48%"""
"08/04/2022,""557,45"",""554,81"",""558,53"",""553,12"",""1,76B"",""1,14%"""
"07/04/2022,""551,15"",""550,52"",""553,31"",""548,83"",""1,76B"",""0,33%"""
"06/04/2022,""549,35"",""552,25"",""553,43"",""547,94"",""1,63B"",""-0,99%"""
"05/04/2022,""554,83"",""553,12"",""554,83"",""550,83"",""1,42B"",""0,48%"""
"04/04/2022,""552,17"",""549,41"",""552,17"",""546,26"",""1,34B"",""0,58%"""
"01/04/2022,""548,96"",""548,89"",""549,46"",""544,20"",""1,88B"",""0,52%"""
"31/03/2022,""546,13"",""549,59"",""551,44"",""544,89"",""1,98B"",""-0,23%"""
"30/03/2022,""547,37"",""548,11"",""548,31"",""544,35"",""2,59B"",""0,48%"""
"29/03/2022,""544,75"",""549,70"",""551,64"",""544,31"",""2,05B"",""-0,84%"""
"28/03/2022,""549,37"",""543,74"",""549,87"",""542,34"",""2,33B"",""0,95%"""
"25/03/2022,""544,18"",""548,83"",""549,20"",""541,01"",""2,01B"",""-0,87%"""
"24/03/2022,""548,95"",""539,02"",""548,95"",""538,51"",""2,42B"",""1,53%"""
"23/03/2022,""540,70"",""542,04"",""543,10"",""537,72"",""2,09B"",""-0,03%"""
"22/03/2022,""540,88"",""539,00"",""541,19"",""537,59"",""2,24B"",""0,83%"""
"21/03/2022,""536,42"",""535,64"",""538,89"",""533,61"",""1,89B"",""-0,02%"""
"18/03/2022,""536,52"",""540,46"",""541,61"",""534,39"",""3,59B"",""-0,33%"""
"17/03/2022,""538,28"",""545,02"",""546,13"",""537,00"",""2,86B"",""-0,83%"""
"16/03/2022,""542,79"",""540,15"",""542,79"",""537,42"",""2,79B"",""1,19%"""
"15/03/2022,""536,42"",""539,87"",""542,49"",""534,35"",""2,56B"",""-0,29%"""
"14/03/2022,""537,97"",""538,48"",""540,34"",""534,86"",""2,69B"",""0,53%"""
"11/03/2022,""535,14"",""528,71"",""535,14"",""527,42"",""2,09B"",""0,09%"""
"10/03/2022,""534,68"",""537,99"",""538,38"",""528,76"",""2,75B"",""0,12%"""
"09/03/2022,""534,02"",""534,11"",""537,47"",""531,13"",""2,98B"",""0,56%"""
"08/03/2022,""531,06"",""534,86"",""541,52"",""529,71"",""4,80B"",""0,08%"""
"07/03/2022,""530,63"",""530,46"",""532,65"",""527,04"",""3,52B"",""-0,47%"""
"04/03/2022,""533,11"",""531,55"",""533,48"",""527,48"",""3,10B"",""1,84%"""
"02/03/2022,""523,51"",""532,73"",""534,30"",""522,42"",""2,20B"",""-0,97%"""
"01/03/2022,""528,63"",""539,44"",""540,47"",""528,63"",""3,06B"",""0,18%"""
"25/02/2022,""527,70"",""522,33"",""528,71"",""521,40"",""2,65B"",""1,26%"""
"24/02/2022,""521,12"",""525,16"",""527,95"",""514,77"",""3,04B"",""-1,15%"""
"23/02/2022,""527,20"",""522,75"",""527,20"",""521,27"",""1,87B"",""1,27%"""
"22/02/2022,""520,59"",""520,45"",""522,85"",""516,29"",""1,75B"",""-0,59%"""
"21/02/2022,""523,67"",""524,20"",""526,71"",""522,02"",""1,47B"",""0,00%"""
"18/02/2022,""523,68"",""520,36"",""525,23"",""517,61"",""1,62B"",""0,68%"""
"17/02/2022,""520,12"",""520,21"",""521,72"",""514,93"",""1,23B"",""-0,26%"""
"16/02/2022,""521,49"",""523,02"",""524,11"",""520,46"",""1,35B"",""0,07%"""
"15/02/2022,""521,13"",""515,82"",""521,13"",""513,67"",""1,47B"",""1,34%"""
"14/02/2022,""514,23"",""515,87"",""516,48"",""509,68"",""1,61B"",""-0,85%"""
"11/02/2022,""518,63"",""518,13"",""519,79"",""514,12"",""1,39B"",""-0,05%"""
"10/02/2022,""518,88"",""521,60"",""522,81"",""517,40"",""1,93B"",""0,22%"""
"09/02/2022,""517,73"",""515,35"",""519,12"",""512,64"",""1,76B"",""0,94%"""
"08/02/2022,""512,92"",""515,67"",""520,55"",""512,92"",""2,14B"",""-0,27%"""
"07/02/2022,""514,30"",""510,31"",""514,71"",""508,65"",""1,73B"",""1,28%"""
"04/02/2022,""507,80"",""506,78"",""508,36"",""504,66"",""1,48B"",""0,60%"""
"03/02/2022,""504,78"",""508,18"",""508,35"",""501,55"",""1,45B"",""-0,23%"""
"02/02/2022,""505,94"",""505,15"",""507,47"",""503,32"",""1,77B"",""0,73%"""
"31/01/2022,""502,30"",""509,46"",""509,46"",""502,30"",""740,86M"",""-1,16%"""
"28/01/2022,""508,18"",""508,20"",""509,20"",""504,78"",""658,98M"",""0,20%"""
"27/01/2022,""507,19"",""505,60"",""508,80"",""503,90"",""725,84M"",""-0,02%"""
"26/01/2022,""507,28"",""503,83"",""507,55"",""501,74"",""869,99M"",""0,93%"""
"25/01/2022,""502,60"",""505,09"",""505,35"",""497,74"",""932,93M"",""-1,04%"""
"24/01/2022,""507,87"",""510,53"",""511,21"",""506,43"",""717,54M"",""-1,14%"""
"21/01/2022,""513,72"",""504,86"",""513,72"",""502,11"",""604,31M"",""1,77%"""
"20/01/2022,""504,77"",""504,49"",""506,85"",""501,98"",""657,72M"",""0,51%"""
"19/01/2022,""502,21"",""505,12"",""505,54"",""501,26"",""731,05M"",""-0,66%"""
"18/01/2022,""505,56"",""508,52"",""509,60"",""498,55"",""805,19M"",""-0,34%"""
"17/01/2022,""507,30"",""512,06"",""512,11"",""504,80"",""629,15M"",""-0,48%"""
"14/01/2022,""509,73"",""507,57"",""511,05"",""505,44"",""642,61M"",""0,24%"""
"13/01/2022,""508,49"",""506,58"",""508,70"",""504,21"",""715,59M"",""0,75%"""
"12/01/2022,""504,69"",""504,69"",""506,24"",""501,02"",""649,90M"",""0,40%"""
"11/01/2022,""502,69"",""506,24"",""506,91"",""501,40"",""848,68M"",""-0,31%"""
"10/01/2022,""504,25"",""507,53"",""508,67"",""504,25"",""773,14M"",""-0,68%"""
"07/01/2022,""507,70"",""504,69"",""509,32"",""502,35"",""946,69M"",""1,00%"""
"06/01/2022,""502,69"",""503,34"",""503,94"",""496,97"",""760,98M"",""0,22%"""
"05/01/2022,""501,61"",""507,25"",""509,20"",""498,66"",""882,43M"",""-1,02%"""
"04/01/2022,""506,78"",""505,18"",""508,94"",""504,75"",""618,67M"",""0,58%"""
"03/01/2022,""503,84"",""497,79"",""505,30"",""497,61"",""571,98M"",""1,36%"""
"30/12/2021,""497,10"",""501,33"",""501,48"",""497,10"",""654,82M"",""-0,63%"""
"29/12/2021,""500,27"",""501,43"",""502,86"",""498,48"",""393,16M"",""-0,05%"""
"28/12/2021,""500,53"",""500,10"",""502,06"",""499,18"",""576,68M"",""0,41%"""
"27/12/2021,""498,48"",""498,83"",""499,95"",""497,29"",""464,73M"",""0,17%"""
"24/12/2021,""497,62"",""499,10"",""500,42"",""496,51"",""446,82M"",""-0,21%"""
"23/12/2021,""498,66"",""496,85"",""499,75"",""495,61"",""477,37M"",""0,63%"""
"22/12/2021,""495,55"",""502,17"",""502,88"",""495,55"",""552,21M"",""-0,84%"""
"21/12/2021,""499,76"",""498,48"",""502,30"",""497,83"",""587,00M"",""0,30%"""
"20/12/2021,""498,26"",""498,14"",""500,32"",""496,94"",""624,48M"",""-0,75%"""
"17/12/2021,""502,01"",""498,93"",""502,01"",""497,42"",""938,90M"",""0,18%"""
"16/12/2021,""501,11"",""507,33"",""508,05"",""500,13"",""907,79M"",""-0,66%"""
"15/12/2021,""504,44"",""501,86"",""507,46"",""501,04"",""738,84M"",""0,49%"""
"14/12/2021,""501,98"",""504,79"",""505,15"",""500,69"",""680,09M"",""-0,37%"""
"13/12/2021,""503,86"",""508,55"",""509,70"",""503,86"",""687,22M"",""-0,65%"""
"10/12/2021,""507,15"",""505,08"",""507,15"",""502,04"",""838,61M"",""-0,42%"""
"09/12/2021,""509,28"",""506,84"",""509,28"",""503,90"",""891,12M"",""0,90%"""
"08/12/2021,""504,74"",""508,77"",""509,09"",""503,69"",""814,70M"",""-0,54%"""
"07/12/2021,""507,50"",""505,03"",""507,50"",""504,46"",""878,93M"",""1,18%"""
"06/12/2021,""501,60"",""503,40"",""507,51"",""500,50"",""788,33M"",""-0,05%"""
"03/12/2021,""501,87"",""508,72"",""509,50"",""501,87"",""729,29M"",""-1,30%"""
"02/12/2021,""508,51"",""499,31"",""509,23"",""497,87"",""989,20M"",""2,07%"""
"01/12/2021,""498,20"",""499,18"",""506,23"",""497,14"",""1,22B"",""0,19%"""
"30/11/2021,""497,27"",""508,46"",""510,10"",""497,27"",""1,96B"",""-2,19%"""
"29/11/2021,""508,40"",""501,86"",""510,29"",""495,52"","""",""1,11%"""
"26/11/2021,""502,82"",""514,15"",""514,18"",""501,50"",""1,37B"",""-2,43%"""
"25/11/2021,""515,37"",""513,43"",""519,63"",""512,78"",""1,02B"",""0,83%"""
"24/11/2021,""511,15"",""513,33"",""513,57"",""510,00"",""658,72M"",""0,07%"""
"23/11/2021,""510,80"",""512,74"",""514,86"",""509,67"",""1,84B"",""-0,56%"""
"22/11/2021,""513,67"",""515,71"",""517,88"",""509,92"",""1,66B"",""-0,03%"""
"19/11/2021,""513,84"",""505,79"",""514,48"",""505,35"",""1,48B"",""2,03%"""
"18/11/2021,""503,61"",""504,93"",""506,43"",""502,52"",""971,50M"",""-0,78%"""
"17/11/2021,""507,56"",""507,04"",""507,56"",""503,41"",""1,02B"",""0,59%"""
"16/11/2021,""504,58"",""498,64"",""505,33"",""498,31"",""1,13B"",""0,73%"""
"15/11/2021,""500,95"",""506,84"",""507,83"",""500,75"",""1,22B"",""-0,97%"""
"12/11/2021,""505,85"",""511,42"",""511,80"",""505,23"",""1,02B"",""-0,63%"""
"11/11/2021,""509,04"",""510,71"",""512,02"",""507,50"",""1,01B"",""-0,08%"""
"10/11/2021,""509,42"",""504,74"",""510,01"",""503,81"",""1,02B"",""0,77%"""
"09/11/2021,""505,50"",""505,92"",""507,57"",""503,70"",""1,10B"",""0,08%"""
"08/11/2021,""505,10"",""506,19"",""506,90"",""502,72"",""1,06B"",""0,26%"""
"05/11/2021,""503,79"",""505,21"",""505,74"",""499,38"",""1,19B"",""0,00%"""
"04/11/2021,""503,78"",""507,69"",""508,27"",""503,78"",""1,34B"",""0,24%"""
"03/11/2021,""502,60"",""496,49"",""504,02"",""495,32"",""1,09B"",""1,28%"""
"02/11/2021,""496,23"",""502,70"",""503,94"",""495,47"",""1,28B"",""-1,17%"""
"01/11/2021,""502,10"",""510,20"",""510,44"",""502,10"",""1,30B"",""-0,94%"""
"29/10/2021,""506,86"",""507,07"",""508,23"",""504,42"",""1,50B"",""1,03%"""
"28/10/2021,""501,72"",""506,20"",""508,63"",""500,56"",""1,76B"",""-1,44%"""
"27/10/2021,""509,04"",""513,90"",""514,03"",""507,63"",""1,52B"",""-0,83%"""
"26/10/2021,""513,30"",""512,40"",""515,95"",""511,08"",""1,34B"",""0,50%"""
"25/10/2021,""510,76"",""513,69"",""516,90"",""510,76"",""1,24B"",""-1,06%"""
"22/10/2021,""516,22"",""513,48"",""517,10"",""510,76"",""1,58B"",""0,19%"""
"21/10/2021,""515,24"",""520,76"",""521,76"",""512,34"",""2,58B"",""-0,64%"""
"19/10/2021,""518,56"",""520,32"",""521,09"",""513,39"",""1,56B"",""-0,09%"""
"18/10/2021,""519,01"",""519,72"",""522,45"",""516,52"",""2,10B"",""0,34%"""
"15/10/2021,""517,26"",""519,85"",""522,34"",""511,71"",""2,05B"",""-0,05%"""
"14/10/2021,""517,54"",""513,10"",""519,77"",""513,02"",""2,19B"",""1,21%"""
"13/10/2021,""511,36"",""505,53"",""515,69"",""505,18"",""2,25B"",""1,52%"""
"12/10/2021,""503,70"",""502,02"",""506,33"",""501,87"",""2,26B"",""0,40%"""
"11/10/2021,""501,70"",""500,68"",""502,85"",""497,94"",""1,81B"",""0,25%"""
"08/10/2021,""500,46"",""495,32"",""501,24"",""494,69"",""1,91B"",""1,73%"""
"07/10/2021,""491,94"",""493,26"",""496,23"",""490,38"",""2,67B"",""-0,38%"""
"06/10/2021,""493,81"",""483,08"",""496,26"",""482,07"",""2,78B"",""2,92%"""
"05/10/2021,""479,79"",""483,77"",""485,65"",""478,09"",""2,71B"",""-0,98%"""
"04/10/2021,""484,55"",""472,38"",""484,55"",""472,35"",""2,37B"",""2,75%"""
"01/10/2021,""471,60"",""474,21"",""474,73"",""469,23"",""2,05B"",""-0,94%"""
"30/09/2021,""476,06"",""464,80"",""476,06"",""464,60"",""1,89B"",""2,84%"""
"29/09/2021,""462,89"",""455,65"",""463,10"",""454,82"",""1,38B"",""1,22%"""
"28/09/2021,""457,33"",""459,24"",""459,85"",""456,68"",""1,63B"",""-0,19%"""
"27/09/2021,""458,20"",""460,01"",""461,34"",""456,51"",""1,32B"",""-0,59%"""
"24/09/2021,""460,94"",""460,50"",""463,16"",""458,60"",""1,80B"",""0,12%"""
"23/09/2021,""460,40"",""459,85"",""461,74"",""458,74"",""1,40B"",""0,35%"""
"22/09/2021,""458,77"",""452,76"",""459,56"",""452,59"",""1,33B"",""1,26%"""
"21/09/2021,""453,05"",""451,57"",""454,44"",""447,78"",""1,34B"",""-0,47%"""
"20/09/2021,""455,20"",""458,26"",""458,28"",""451,71"",""1,10B"",""-0,83%"""
"17/09/2021,""459,02"",""456,72"",""459,02"",""454,23"",""1,50B"",""0,03%"""
"16/09/2021,""458,86"",""463,08"",""463,65"",""457,72"",""1,09B"",""-0,49%"""
"15/09/2021,""461,14"",""462,65"",""463,37"",""459,56"",""1,34B"",""-0,50%"""
"14/09/2021,""463,44"",""462,88"",""463,88"",""461,15"",""1,62B"",""0,54%"""
"13/09/2021,""460,95"",""460,71"",""462,36"",""457,77"",""846,56M"",""-0,53%"""
"10/09/2021,""463,41"",""463,34"",""465,06"",""460,01"",""1,27B"",""-0,30%"""
"09/09/2021,""464,81"",""456,16"",""464,81"",""454,62"",""1,40B"",""1,92%"""
"08/09/2021,""456,05"",""464,09"",""464,74"",""453,21"",""1,26B"",""-1,60%"""
"07/09/2021,""463,47"",""466,83"",""467,27"",""462,92"",""922,69M"",""-0,40%"""
"06/09/2021,""465,35"",""467,29"",""468,39"",""463,52"",""1,45B"",""-0,01%"""
"03/09/2021,""465,41"",""460,32"",""465,41"",""457,32"",""1,14B"",""1,35%"""
"02/09/2021,""459,20"",""458,05"",""459,71"",""456,05"",""821,60M"",""0,35%"""
"01/09/2021,""457,61"",""461,76"",""462,40"",""457,29"",""1,02B"",""-0,68%"""
"31/08/2021,""460,77"",""461,18"",""461,89"",""457,07"",""1,33B"",""-0,06%"""
"30/08/2021,""461,06"",""452,83"",""461,06"",""452,69"",""1,17B"",""2,47%"""
"27/08/2021,""449,95"",""451,75"",""452,04"",""448,62"",""759,82M"",""-0,49%"""
"26/08/2021,""452,17"",""455,27"",""456,55"",""449,06"",""775,26M"",""-0,91%"""
"25/08/2021,""456,32"",""455,58"",""456,73"",""453,98"",""788,52M"",""0,28%"""
"24/08/2021,""455,04"",""459,33"",""459,82"",""450,17"",""1,07B"",""-0,81%"""
"23/08/2021,""458,77"",""455,97"",""458,77"",""455,74"",""1,09B"",""0,89%"""
"20/08/2021,""454,73"",""451,95"",""455,00"",""447,78"",""1,09B"",""0,52%"""
"19/08/2021,""452,38"",""461,24"",""461,64"",""449,70"",""1,44B"",""-2,19%"""
"18/08/2021,""462,49"",""456,33"",""463,75"",""454,67"",""1,77B"",""2,06%"""
"16/08/2021,""453,16"",""453,13"",""453,51"",""447,23"",""988,01M"",""0,18%"""
"13/08/2021,""452,34"",""451,48"",""453,68"",""449,32"",""876,21M"",""0,69%"""
"12/08/2021,""449,26"",""443,16"",""449,27"",""442,14"",""1,36B"",""1,64%"""
"10/08/2021,""442,02"",""443,82"",""444,84"",""437,88"",""1,01B"",""-0,04%"""
"09/08/2021,""442,18"",""448,92"",""449,46"",""439,67"",""979,76M"",""-1,54%"""
"06/08/2021,""449,10"",""456,59"",""457,31"",""448,33"",""980,15M"",""-1,10%"""
"05/08/2021,""454,08"",""450,73"",""456,27"",""449,79"",""1,49B"",""1,23%"""
"04/08/2021,""448,58"",""447,73"",""449,64"",""444,22"",""949,03M"",""0,55%"""
"03/08/2021,""446,11"",""443,26"",""447,99"",""442,50"",""1,15B"",""0,96%"""
"02/08/2021,""441,87"",""441,96"",""442,37"",""437,27"",""1,12B"",""0,84%"""
"30/07/2021,""438,19"",""446,16"",""447,54"",""438,19"",""1,64B"",""-1,28%"""
"29/07/2021,""443,87"",""445,66"",""446,25"",""443,39"",""1,21B"",""0,07%"""
"28/07/2021,""443,54"",""446,96"",""448,10"",""441,78"",""931,21M"",""-0,91%"""
"27/07/2021,""447,63"",""451,64"",""452,63"",""443,98"",""952,88M"",""-0,38%"""
"26/07/2021,""449,34"",""451,75"",""453,39"",""449,11"",""1,17B"",""-0,40%"""
"23/07/2021,""451,17"",""458,56"",""459,17"",""450,30"",""1,05B"",""-1,37%"""
"22/07/2021,""457,45"",""452,43"",""457,54"",""452,13"",""1,26B"",""1,88%"""
"21/07/2021,""449,00"",""449,64"",""452,24"",""448,07"",""1,15B"",""0,44%"""
"19/07/2021,""447,03"",""450,33"",""450,99"",""446,87"",""699,79M"",""-1,02%"""
"16/07/2021,""451,63"",""450,75"",""451,65"",""448,88"",""892,68M"",""0,70%"""
"15/07/2021,""448,51"",""442,76"",""448,61"",""441,95"",""938,54M"",""1,73%"""
"14/07/2021,""440,88"",""444,48"",""445,30"",""438,95"",""1,03B"",""-0,95%"""
"13/07/2021,""445,11"",""452,30"",""452,76"",""444,05"",""1,16B"",""-1,03%"""
"12/07/2021,""449,75"",""450,21"",""451,84"",""448,33"",""979,06M"",""0,50%"""
"09/07/2021,""447,52"",""447,36"",""448,85"",""445,97"",""1,00B"",""0,06%"""
"08/07/2021,""447,26"",""449,64"",""450,77"",""445,18"",""1,09B"",""-0,13%"""
"07/07/2021,""447,83"",""453,05"",""453,34"",""445,82"",""1,01B"",""-0,69%"""
"06/07/2021,""450,95"",""451,25"",""453,02"",""449,76"",""1,48B"",""0,35%"""
"05/07/2021,""449,38"",""454,27"",""454,88"",""447,58"",""899,55M"",""-1,05%"""
"02/07/2021,""454,17"",""454,25"",""456,52"",""452,38"",""929,03M"",""0,45%"""
"01/07/2021,""452,14"",""452,57"",""455,22"",""448,62"",""1,02B"",""0,40%"""
"30/06/2021,""450,35"",""448,14"",""453,22"",""448,13"",""1,30B"",""0,59%"""
"29/06/2021,""447,69"",""446,26"",""451,50"",""445,96"",""1,06B"",""0,53%"""
"28/06/2021,""445,33"",""454,09"",""455,31"",""445,33"",""1,10B"",""-2,12%"""
"25/06/2021,""454,96"",""457,70"",""459,22"",""454,96"",""957,12M"",""-0,14%"""
"24/06/2021,""455,60"",""460,52"",""460,77"",""455,45"",""841,46M"",""-0,60%"""
"23/06/2021,""458,35"",""464,56"",""466,29"",""458,35"",""1,01B"",""-0,98%"""
"22/06/2021,""462,88"",""459,61"",""466,63"",""457,94"",""1,23B"",""0,99%"""
"21/06/2021,""458,36"",""453,66"",""461,84"",""448,56"",""1,62B"",""-0,56%"""
"18/06/2021,""460,95"",""468,03"",""468,38"",""457,37"",""2,33B"",""-1,60%"""
"17/06/2021,""468,44"",""470,36"",""472,02"",""467,30"",""1,52B"",""-0,93%"""
"16/06/2021,""472,82"",""475,43"",""476,50"",""471,74"",""1,72B"",""-1,13%"""
"15/06/2021,""478,24"",""479,60"",""479,85"",""475,45"",""1,40B"",""-0,14%"""
"14/06/2021,""478,90"",""484,96"",""485,06"",""477,81"",""1,18B"",""-0,78%"""
"11/06/2021,""482,65"",""486,60"",""487,15"",""481,82"",""1,77B"",""-0,44%"""
"10/06/2021,""484,79"",""483,11"",""485,45"",""481,07"",""1,31B"",""0,72%"""
"09/06/2021,""481,30"",""474,34"",""481,36"",""473,91"",""1,19B"",""0,47%"""
"08/06/2021,""479,04"",""486,05"",""486,05"",""477,64"",""1,26B"",""-1,25%"""
"07/06/2021,""485,11"",""488,11"",""488,87"",""481,73"",""1,19B"",""-0,24%"""
"04/06/2021,""486,28"",""491,35"",""491,36"",""483,15"",""1,18B"",""-1,07%"""
"03/06/2021,""491,55"",""483,90"",""491,55"",""479,79"",""1,46B"",""1,75%"""
"02/06/2021,""483,08"",""482,45"",""483,70"",""479,08"",""2,16B"",""1,76%"""
"31/05/2021,""474,73"",""465,39"",""475,63"",""464,65"",""1,66B"",""2,65%"""
"28/05/2021,""462,49"",""465,75"",""467,15"",""462,31"",""1,33B"",""0,31%"""
"27/05/2021,""461,05"",""466,58"",""469,96"",""461,05"",""3,98B"",""-0,12%"""
"25/05/2021,""461,59"",""459,53"",""465,44"",""458,50"",""1,40B"",""0,77%"""
"24/05/2021,""458,07"",""460,70"",""461,54"",""457,29"",""969,97M"",""0,07%"""
"21/05/2021,""457,74"",""463,34"",""464,09"",""454,78"",""1,12B"",""-0,47%"""
"20/05/2021,""459,89"",""454,76"",""461,81"",""453,89"",""1,50B"",""1,07%"""
"19/05/2021,""455,04"",""459,14"",""460,70"",""453,45"",""955,66M"",""-1,50%"""
"18/05/2021,""461,96"",""463,09"",""464,83"",""458,35"",""1,04B"",""-0,19%"""
"17/05/2021,""462,85"",""471,26"",""471,72"",""460,86"",""1,59B"",""-1,35%"""
"11/05/2021,""469,20"",""470,83"",""471,05"",""466,17"",""1,05B"",""-0,59%"""
"10/05/2021,""471,98"",""470,00"",""474,00"",""469,33"",""1,05B"",""0,84%"""
"07/05/2021,""468,07"",""475,21"",""475,48"",""467,61"",""1,03B"",""-0,98%"""
"06/05/2021,""472,68"",""475,67"",""477,23"",""470,62"",""1,09B"",""-0,20%"""
"05/05/2021,""473,63"",""474,22"",""475,43"",""472,47"",""1,11B"",""0,23%"""
"04/05/2021,""472,56"",""470,64"",""472,86"",""468,83"",""1,07B"",""0,56%"""
"03/05/2021,""469,94"",""475,48"",""476,22"",""468,90"",""975,26M"",""-1,17%"""
"30/04/2021,""475,49"",""479,77"",""480,59"",""474,36"",""1,18B"",""-0,54%"""
"29/04/2021,""478,08"",""478,12"",""478,90"",""475,43"",""1,28B"",""0,84%"""
"28/04/2021,""474,10"",""474,08"",""476,77"",""473,27"",""1,09B"",""-0,07%"""
"27/04/2021,""474,41"",""477,68"",""479,44"",""473,00"",""1,20B"",""-0,12%"""
"26/04/2021,""474,98"",""480,76"",""481,87"",""474,07"",""1,06B"",""-1,25%"""
"23/04/2021,""481,01"",""476,89"",""482,02"",""474,97"",""948,04M"",""1,00%"""
"22/04/2021,""476,24"",""476,99"",""479,48"",""475,61"",""1,00B"",""0,22%"""
"21/04/2021,""475,18"",""476,04"",""479,10"",""475,17"",""859,51M"",""-1,04%"""
"20/04/2021,""480,19"",""477,19"",""480,19"",""475,79"",""863,63M"",""-0,09%"""
"19/04/2021,""480,61"",""482,88"",""483,74"",""478,24"",""879,45M"",""-0,57%"""
"16/04/2021,""483,36"",""487,07"",""487,29"",""480,70"",""1,17B"",""-0,10%"""
"15/04/2021,""483,86"",""482,61"",""483,86"",""477,57"",""930,83M"",""0,45%"""
"14/04/2021,""481,69"",""474,86"",""482,19"",""472,53"",""1,22B"",""2,59%"""
"13/04/2021,""469,51"",""468,80"",""471,59"",""464,83"",""1,38B"",""0,01%"""
"12/04/2021,""469,47"",""482,91"",""483,33"",""468,79"",""1,26B"",""-2,61%"""
"09/04/2021,""482,07"",""485,63"",""487,17"",""482,07"",""1,14B"",""0,01%"""
"08/04/2021,""482,02"",""480,80"",""483,03"",""479,40"",""1,10B"",""0,22%"""
"07/04/2021,""480,98"",""480,27"",""481,60"",""475,99"",""928,79M"",""0,49%"""
"06/04/2021,""478,63"",""477,42"",""479,77"",""474,24"",""1,02B"",""0,41%"""
"05/04/2021,""476,65"",""484,52"",""484,98"",""476,65"",""945,52M"",""-0,68%"""
"01/04/2021,""479,93"",""480,81"",""483,39"",""477,14"",""1,11B"",""-0,19%"""
"31/03/2021,""480,83"",""486,50"",""487,23"",""471,90"",""1,74B"",""-1,44%"""
"30/03/2021,""487,88"",""496,29"",""497,58"",""486,28"",""1,23B"",""-1,82%"""
"29/03/2021,""496,92"",""501,17"",""503,64"",""496,82"",""1,22B"",""-0,63%"""
"26/03/2021,""500,08"",""495,35"",""500,30"",""491,12"",""1,47B"",""1,51%"""
"25/03/2021,""492,65"",""494,34"",""496,45"",""487,65"",""1,15B"",""-0,16%"""
"24/03/2021,""493,45"",""498,34"",""499,24"",""492,92"",""1,22B"",""-1,52%"""
"23/03/2021,""501,08"",""506,55"",""507,32"",""499,95"",""1,14B"",""-0,23%"""
"22/03/2021,""502,22"",""509,14"",""509,61"",""501,63"",""1,14B"",""-1,55%"""
"19/03/2021,""510,10"",""508,66"",""510,10"",""504,32"",""1,94B"",""0,15%"""
"18/03/2021,""509,34"",""504,57"",""510,96"",""504,01"",""1,25B"",""1,96%"""
"17/03/2021,""499,57"",""502,80"",""503,18"",""498,33"",""993,93M"",""-0,34%"""
"16/03/2021,""501,29"",""505,01"",""506,08"",""500,52"",""1,21B"",""-0,08%"""
"15/03/2021,""501,70"",""508,41"",""509,24"",""501,70"",""1,32B"",""-0,90%"""
"12/03/2021,""506,28"",""507,52"",""508,31"",""502,71"",""1,82B"",""1,17%"""
"10/03/2021,""500,43"",""499,53"",""501,44"",""495,89"",""1,08B"",""1,16%"""
"09/03/2021,""494,72"",""503,04"",""503,43"",""493,10"",""1,64B"",""-1,29%"""
"08/03/2021,""501,18"",""508,36"",""509,14"",""500,72"",""1,35B"",""-0,26%"""
"05/03/2021,""502,51"",""502,20"",""506,45"",""500,64"",""1,83B"",""-0,71%"""
"04/03/2021,""506,10"",""514,16"",""514,54"",""505,14"",""1,84B"",""-2,03%"""
"03/03/2021,""516,61"",""518,97"",""519,20"",""512,24"",""1,23B"",""0,09%"""
"02/03/2021,""516,13"",""519,49"",""520,72"",""514,67"",""1,77B"",""0,08%"""
"01/03/2021,""515,72"",""509,45"",""515,72"",""506,89"",""1,77B"",""2,42%"""
"26/02/2021,""503,52"",""500,95"",""507,64"",""498,88"",""3,36B"",""-0,74%"""
"25/02/2021,""507,30"",""510,76"",""512,04"",""505,71"",""1,81B"",""0,18%"""
"24/02/2021,""506,40"",""512,11"",""514,08"",""506,06"",""1,96B"",""-0,76%"""
"23/02/2021,""510,29"",""506,63"",""511,51"",""504,99"",""1,95B"",""1,01%"""
"22/02/2021,""505,17"",""510,27"",""511,50"",""505,17"",""2,46B"",""-0,12%"""
"19/02/2021,""505,80"",""498,90"",""505,80"",""498,86"",""1,53B"",""1,21%"""
"18/02/2021,""499,73"",""503,02"",""508,36"",""499,73"",""1,73B"",""-0,55%"""
"17/02/2021,""502,51"",""510,08"",""510,71"",""501,13"",""1,83B"",""-1,43%"""
"16/02/2021,""509,80"",""511,66"",""512,31"",""508,08"",""1,63B"",""0,09%"""
"15/02/2021,""509,32"",""510,52"",""514,05"",""508,88"",""1,67B"",""0,50%"""
"11/02/2021,""506,77"",""509,69"",""510,22"",""505,14"",""1,56B"",""-0,01%"""
"10/02/2021,""506,83"",""506,96"",""508,77"",""503,89"",""2,63B"",""0,39%"""
"09/02/2021,""504,87"",""511,68"",""516,99"",""504,08"",""2,75B"",""-0,81%"""
"08/02/2021,""508,98"",""513,31"",""514,75"",""508,38"",""2,21B"",""0,25%"""
"05/02/2021,""507,69"",""510,53"",""510,86"",""503,30"",""2,36B"",""0,31%"""
"04/02/2021,""506,11"",""505,89"",""513,97"",""502,54"",""2,41B"",""1,01%"""
"03/02/2021,""501,05"",""506,64"",""509,59"",""500,71"",""2,78B"",""0,19%"""
"02/02/2021,""500,08"",""512,00"",""512,43"",""497,90"",""2,81B"",""-0,96%"""
"01/02/2021,""504,93"",""485,72"",""506,64"",""472,49"",""4,56B"",""3,76%"""
"29/01/2021,""486,62"",""510,08"",""515,14"",""485,12"",""1,70B"",""-3,69%"""
"28/01/2021,""505,28"",""510,40"",""519,33"",""502,23"",""1,49B"",""-2,28%"""
"27/01/2021,""517,09"",""522,49"",""523,23"",""507,82"",""1,46B"",""-0,60%"""
"26/01/2021,""520,23"",""531,25"",""532,91"",""519,40"",""1,61B"",""-2,16%"""
"25/01/2021,""531,72"",""535,84"",""535,93"",""520,40"",""1,25B"",""-0,39%"""
"22/01/2021,""533,81"",""543,59"",""544,55"",""532,28"",""1,31B"",""-1,69%"""
"21/01/2021,""542,99"",""551,38"",""553,06"",""541,92"",""1,16B"",""-0,46%"""
"20/01/2021,""545,48"",""534,31"",""546,96"",""532,45"",""1,53B"",""2,45%"""
"19/01/2021,""532,44"",""540,86"",""542,51"",""529,45"",""1,34B"",""-0,76%"""
"18/01/2021,""536,50"",""529,07"",""538,22"",""525,47"",""1,50B"",""1,11%"""
"15/01/2021,""530,59"",""541,96"",""543,91"",""527,60"",""2,14B"",""-1,65%"""
"14/01/2021,""539,48"",""541,44"",""544,28"",""536,71"",""1,91B"",""0,03%"""
"13/01/2021,""539,34"",""542,03"",""543,29"",""535,13"",""1,71B"",""0,65%"""
"12/01/2021,""535,84"",""539,93"",""543,56"",""534,91"",""2,29B"",""-0,53%"""
"11/01/2021,""538,70"",""529,28"",""539,29"",""529,02"",""2,42B"",""2,38%"""
"08/01/2021,""526,18"",""519,15"",""528,02"",""517,66"",""1,61B"",""2,45%"""
"07/01/2021,""513,57"",""511,12"",""515,09"",""510,43"",""1,01B"",""1,19%"""
"06/01/2021,""507,52"",""515,50"",""516,96"",""499,39"",""1,31B"",""-1,50%"""
"05/01/2021,""515,27"",""514,53"",""516,41"",""510,15"",""1,06B"",""0,17%"""
"04/01/2021,""514,40"",""504,01"",""514,98"",""497,64"",""1,03B"",""2,42%"""
"30/12/2020,""502,27"",""509,67"",""509,75"",""501,89"",""1,25B"",""-1,08%"""
"29/12/2020,""507,76"",""516,16"",""518,16"",""506,49"",""1,04B"",""-1,02%"""
"28/12/2020,""512,99"",""510,62"",""514,10"",""499,65"",""986,48M"",""2,18%"""
"23/12/2020,""502,05"",""508,09"",""511,99"",""487,63"",""1,50B"",""-0,38%"""
"22/12/2020,""503,98"",""518,04"",""520,27"",""502,73"",""1,80B"",""-3,23%"""
"21/12/2020,""520,82"",""522,51"",""524,86"",""517,69"",""1,67B"",""0,37%"""
"18/12/2020,""518,90"",""521,98"",""523,58"",""518,11"",""1,78B"",""-0,97%"""
"17/12/2020,""523,97"",""527,36"",""528,90"",""520,52"",""1,83B"",""-0,29%"""
"16/12/2020,""525,46"",""518,13"",""526,78"",""518,13"",""1,99B"",""2,48%"""
"15/12/2020,""512,75"",""509,41"",""512,75"",""504,73"",""1,72B"",""0,65%"""
"14/12/2020,""509,45"",""505,92"",""509,89"",""504,55"",""1,62B"",""1,25%"""
"11/12/2020,""503,16"",""507,82"",""509,85"",""502,69"",""2,05B"",""-0,30%"""
"10/12/2020,""504,66"",""509,83"",""511,18"",""502,68"",""2,52B"",""-0,17%"""
"08/12/2020,""505,51"",""508,16"",""508,67"",""501,82"",""1,59B"",""-0,24%"""
"07/12/2020,""506,71"",""502,34"",""507,77"",""501,93"",""1,48B"",""2,14%"""
"04/12/2020,""496,12"",""498,24"",""498,41"",""493,05"",""1,28B"",""-0,55%"""
"03/12/2020,""498,88"",""502,16"",""503,45"",""496,86"",""1,48B"",""-0,18%"""
"02/12/2020,""499,80"",""495,27"",""499,80"",""491,40"",""1,71B"",""1,79%"""
"01/12/2020,""491,00"",""482,58"",""493,47"",""477,34"",""1,90B"",""2,55%"""
"30/11/2020,""478,79"",""498,93"",""500,29"",""473,11"",""3,99B"",""-4,23%"""
"27/11/2020,""499,93"",""503,46"",""504,29"",""498,39"",""1,42B"",""-0,30%"""
"26/11/2020,""501,41"",""490,71"",""501,41"",""490,71"",""1,88B"",""1,85%"""
"25/11/2020,""492,32"",""499,69"",""502,50"",""492,32"",""2,24B"",""-0,40%"""
"24/11/2020,""494,28"",""494,76"",""495,99"",""491,05"",""1,79B"",""0,68%"""
"23/11/2020,""490,95"",""482,95"",""491,34"",""482,95"",""1,29B"",""1,94%"""
"20/11/2020,""481,63"",""483,38"",""486,52"",""479,92"",""1,27B"",""-0,15%"""
"19/11/2020,""482,37"",""479,28"",""485,75"",""478,41"",""1,53B"",""0,07%"""
"18/11/2020,""482,02"",""479,64"",""484,13"",""479,64"",""1,39B"",""0,49%"""
"17/11/2020,""479,69"",""478,69"",""483,22"",""476,96"",""1,80B"",""0,88%"""
"16/11/2020,""475,49"",""478,34"",""480,60"",""472,43"",""1,22B"",""0,49%"""
"13/11/2020,""473,18"",""471,24"",""474,42"",""468,84"",""1,08B"",""0,04%"""
"12/11/2020,""472,98"",""478,15"",""478,43"",""471,45"",""1,18B"",""-1,54%"""
"11/11/2020,""480,38"",""473,13"",""480,46"",""472,05"",""2,33B"",""2,20%"""
"10/11/2020,""470,05"",""467,12"",""470,98"",""463,89"",""2,43B"",""2,98%"""
"09/11/2020,""456,43"",""459,27"",""460,79"",""450,96"",""1,29B"",""0,64%"""
"06/11/2020,""453,51"",""445,18"",""453,91"",""441,00"",""1,47B"",""2,35%"""
"05/11/2020,""443,10"",""431,93"",""443,37"",""431,05"",""1,44B"",""4,53%"""
"04/11/2020,""423,88"",""432,69"",""434,36"",""423,88"",""862,36M"",""-1,66%"""
"03/11/2020,""431,04"",""430,07"",""431,23"",""428,00"",""819,66M"",""0,75%"""
"02/11/2020,""427,83"",""425,71"",""429,55"",""421,62"",""2,00B"",""-0,21%"""
"27/10/2020,""428,71"",""429,16"",""433,05"",""427,47"",""1,56B"",""-0,50%"""
"26/10/2020,""430,88"",""428,76"",""433,34"",""428,07"",""1,38B"",""0,60%"""
"23/10/2020,""428,30"",""431,25"",""431,33"",""426,11"",""1,57B"",""0,04%"""
"22/10/2020,""428,15"",""425,40"",""428,67"",""423,20"",""1,78B"",""0,19%"""
"21/10/2020,""427,33"",""429,45"",""431,12"",""426,16"",""2,29B"",""0,09%"""
"20/10/2020,""426,95"",""428,70"",""430,19"",""424,73"",""1,90B"",""-0,51%"""
"19/10/2020,""429,15"",""427,68"",""429,15"",""424,44"",""2,05B"",""0,88%"""
"16/10/2020,""425,42"",""426,23"",""426,92"",""420,68"",""1,55B"",""0,09%"""
"15/10/2020,""425,04"",""432,34"",""432,92"",""424,93"",""2,71B"",""-1,83%"""
"14/10/2020,""432,98"",""426,59"",""433,14"",""425,24"",""2,79B"",""1,59%"""
"13/10/2020,""426,19"",""422,67"",""426,37"",""418,16"",""1,20B"",""0,82%"""
"12/10/2020,""422,72"",""423,06"",""424,31"",""421,68"",""1,10B"",""0,64%"""
"09/10/2020,""420,02"",""419,11"",""421,09"",""417,78"",""919,40M"",""0,12%"""
"08/10/2020,""419,54"",""418,16"",""419,54"",""415,05"",""1,07B"",""0,81%"""
"07/10/2020,""416,18"",""412,99"",""417,30"",""411,45"",""1,04B"",""0,03%"""
"06/10/2020,""416,07"",""417,72"",""419,38"",""415,59"",""1,14B"",""1,15%"""
"05/10/2020,""411,32"",""411,94"",""413,23"",""407,49"",""700,81M"",""0,54%"""
"02/10/2020,""409,10"",""415,06"",""415,13"",""404,03"",""1,07B"",""-1,40%"""
"01/10/2020,""414,89"",""405,76"",""414,89"",""405,64"",""1,11B"",""3,38%"""
"30/09/2020,""401,32"",""406,56"",""407,72"",""398,08"",""1,18B"",""-0,79%"""
"29/09/2020,""404,52"",""411,90"",""413,92"",""402,84"",""1,02B"",""-0,99%"""
"28/09/2020,""408,57"",""418,02"",""420,69"",""408,57"",""911,93M"",""-1,66%"""
"25/09/2020,""415,49"",""407,35"",""416,13"",""404,44"",""1,18B"",""2,76%"""
"24/09/2020,""404,32"",""406,25"",""410,12"",""401,88"",""991,23M"",""-1,90%"""
"23/09/2020,""412,17"",""415,27"",""418,45"",""407,03"",""1,04B"",""-0,30%"""
"22/09/2020,""413,42"",""412,36"",""418,72"",""411,05"",""957,47M"",""-1,58%"""
"21/09/2020,""420,08"",""426,94"",""427,79"",""418,40"",""838,56M"",""-1,67%"""
"18/09/2020,""427,20"",""424,83"",""428,03"",""421,80"",""2,00B"",""0,58%"""
"17/09/2020,""424,72"",""428,17"",""432,14"",""421,98"",""930,27M"",""-0,81%"""
"16/09/2020,""428,20"",""434,81"",""435,70"",""427,60"",""813,40M"",""-1,17%"""
"15/09/2020,""433,25"",""442,12"",""443,54"",""431,45"",""1,17B"",""-1,79%"""
"14/09/2020,""441,16"",""432,69"",""441,16"",""432,42"",""1,43B"",""3,41%"""
"11/09/2020,""426,63"",""400,01"",""427,96"",""398,69"",""2,43B"",""3,04%"""
"10/09/2020,""414,03"",""430,22"",""430,25"",""414,03"",""2,14B"",""-6,02%"""
"09/09/2020,""440,56"",""448,29"",""448,31"",""439,59"",""1,40B"",""-2,66%"""
"08/09/2020,""452,58"",""451,56"",""453,81"",""451,56"",""955,79M"",""0,32%"""
"07/09/2020,""451,14"",""451,32"",""452,60"",""446,65"",""921,35M"",""-0,13%"""
"04/09/2020,""451,73"",""456,98"",""456,68"",""446,26"",""1,14B"",""-1,15%"""
"03/09/2020,""456,98"",""461,56"",""463,76"",""453,09"",""1,31B"",""-0,99%"""
"02/09/2020,""461,56"",""460,16"",""463,77"",""458,35"",""1,27B"",""0,30%"""
"01/09/2020,""460,16"",""450,40"",""460,16"",""448,27"",""1,33B"",""2,17%"""
"31/08/2020,""450,40"",""464,10"",""466,67"",""449,70"",""2,15B"",""-2,95%"""
"28/08/2020,""464,10"",""467,01"",""468,23"",""461,63"",""1,21B"",""-0,62%"""
"27/08/2020,""467,01"",""465,44"",""468,60"",""462,12"",""1,07B"",""0,34%"""
"26/08/2020,""465,44"",""465,85"",""467,38"",""463,07"",""1,28B"",""-0,09%"""
"25/08/2020,""465,85"",""457,61"",""466,44"",""457,75"",""1,26B"",""1,80%"""
"24/08/2020,""457,61"",""457,02"",""459,74"",""454,43"",""1,29B"",""0,13%"""
"19/08/2020,""457,02"",""459,44"",""464,02"",""456,57"",""1,56B"",""-0,53%"""
"18/08/2020,""459,44"",""453,07"",""462,13"",""452,48"",""2,11B"",""1,40%"""
"14/08/2020,""453,07"",""452,11"",""454,08"",""449,61"",""1,51B"",""0,21%"""
"13/08/2020,""452,11"",""451,52"",""457,09"",""449,24"",""1,93B"",""0,13%"""
"12/08/2020,""451,52"",""443,54"",""452,45"",""442,50"",""2,50B"",""1,80%"""
"11/08/2020,""443,54"",""440,53"",""446,09"",""440,55"",""1,76B"",""0,68%"""
"10/08/2020,""440,53"",""440,09"",""441,93"",""438,25"",""1,17B"",""0,10%"""
"07/08/2020,""440,09"",""442,86"",""443,41"",""436,31"",""2,46B"",""-0,62%"""
"06/08/2020,""442,86"",""437,51"",""444,07"",""437,51"",""1,86B"",""1,22%"""
"05/08/2020,""437,51"",""431,11"",""437,97"",""428,40"",""1,64B"",""1,49%"""
"04/08/2020,""431,11"",""422,63"",""431,11"",""422,69"",""1,58B"",""2,01%"""
"03/08/2020,""422,63"",""438,28"",""439,09"",""414,99"",""2,30B"",""-3,57%"""
"30/07/2020,""438,28"",""433,90"",""438,28"",""432,27"",""1,82B"",""1,01%"""
"29/07/2020,""433,90"",""436,70"",""436,97"",""433,22"",""1,12B"",""-0,64%"""
"28/07/2020,""436,70"",""437,07"",""440,84"",""434,85"",""1,21B"",""-0,08%"""
"27/07/2020,""437,07"",""431,88"",""437,07"",""431,45"",""1,17B"",""1,20%"""
"24/07/2020,""431,88"",""440,29"",""440,51"",""431,88"",""1,41B"",""-1,91%"""
"23/07/2020,""440,29"",""436,61"",""443,17"",""436,61"",""1,85B"",""0,84%"""
"22/07/2020,""436,61"",""436,95"",""440,56"",""435,27"",""1,91B"",""-0,08%"""
"21/07/2020,""436,95"",""429,02"",""440,70"",""428,68"",""1,78B"",""1,85%"""
"20/07/2020,""429,02"",""432,69"",""435,28"",""426,48"",""1,04B"",""-0,85%"""
"17/07/2020,""432,69"",""435,81"",""436,93"",""432,69"",""1,08B"",""-0,72%"""
"16/07/2020,""435,81"",""433,32"",""437,71"",""433,32"",""1,22B"",""0,58%"""
"15/07/2020,""433,32"",""434,24"",""439,13"",""433,11"",""1,25B"",""-0,21%"""
"14/07/2020,""434,24"",""431,91"",""435,92"",""431,24"",""1,39B"",""0,54%"""
"13/07/2020,""431,91"",""427,73"",""433,45"",""426,53"",""1,23B"",""0,98%"""
"10/07/2020,""427,73"",""430,43"",""432,92"",""427,73"",""1,06B"",""-0,63%"""
"09/07/2020,""430,43"",""434,58"",""438,88"",""430,43"",""1,72B"",""-0,95%"""
"08/07/2020,""434,58"",""422,78"",""435,80"",""422,78"",""2,00B"",""2,79%"""
"07/07/2020,""422,78"",""422,20"",""425,73"",""421,98"",""1,59B"",""0,14%"""
"06/07/2020,""422,20"",""420,07"",""424,33"",""419,97"",""1,34B"",""0,51%"""
"03/07/2020,""420,07"",""419,80"",""422,92"",""419,24"",""1,36B"",""0,06%"""
"02/07/2020,""419,80"",""414,43"",""419,80"",""414,43"",""1,68B"",""1,30%"""
"01/07/2020,""414,43"",""412,52"",""415,23"",""411,17"",""1,05B"",""0,46%"""
"30/06/2020,""412,52"",""414,65"",""418,14"",""412,52"",""1,56B"",""-0,51%"""
"29/06/2020,""414,65"",""415,18"",""416,39"",""410,56"",""1,15B"",""-0,13%"""
"26/06/2020,""415,18"",""415,46"",""420,86"",""414,43"",""1,39B"",""-0,07%"""
"25/06/2020,""415,46"",""421,76"",""421,76"",""413,70"",""1,32B"",""-1,49%"""
"24/06/2020,""421,76"",""411,32"",""423,74"",""411,32"",""2,12B"",""2,54%"""
"23/06/2020,""411,32"",""415,42"",""415,92"",""410,34"",""1,19B"",""-0,99%"""
"22/06/2020,""415,42"",""418,79"",""420,00"",""413,76"",""1,17B"",""-0,81%"""
"19/06/2020,""418,79"",""414,96"",""421,48"",""414,96"",""1,54B"",""0,92%"""
"18/06/2020,""414,96"",""422,95"",""424,67"",""414,96"",""1,66B"",""-1,89%"""
"17/06/2020,""422,95"",""424,05"",""427,70"",""420,68"",""1,84B"",""-0,26%"""
"16/06/2020,""424,05"",""403,98"",""424,84"",""403,98"",""2,20B"",""4,97%"""
"15/06/2020,""403,98"",""410,90"",""415,48"",""402,92"",""1,96B"",""-1,68%"""
"12/06/2020,""410,90"",""407,29"",""411,58"",""391,44"",""2,56B"",""0,88%"""
"11/06/2020,""407,29"",""415,04"",""417,05"",""402,31"",""2,20B"",""-1,87%"""
"10/06/2020,""415,04"",""428,07"",""428,24"",""411,97"",""2,57B"",""-3,04%"""
"09/06/2020,""428,07"",""434,45"",""442,19"",""428,07"",""2,46B"",""-1,47%"""
"08/06/2020,""434,45"",""420,23"",""439,30"",""420,23"",""2,97B"",""3,38%"""
"05/06/2020,""420,23"",""418,17"",""421,68"",""408,82"",""2,33B"",""0,49%"""
"04/06/2020,""418,17"",""422,07"",""430,49"",""415,72"",""3,09B"",""-0,93%"""
"03/06/2020,""422,07"",""411,55"",""423,67"",""410,11"",""3,70B"",""2,56%"""
"02/06/2020,""411,55"",""398,46"",""416,48"",""398,46"",""2,86B"",""3,29%"""
"29/05/2020,""398,46"",""388,47"",""398,46"",""386,59"",""3,98B"",""2,57%"""
"28/05/2020,""388,47"",""378,70"",""391,92"",""378,39"",""2,68B"",""2,58%"""
"27/05/2020,""378,70"",""377,24"",""378,85"",""373,83"",""1,71B"",""0,39%"""
"26/05/2020,""377,24"",""368,37"",""378,62"",""367,77"",""1,63B"",""2,41%"""
"20/05/2020,""368,37"",""367,33"",""370,14"",""363,67"",""1,30B"",""0,29%"""
"19/05/2020,""367,33"",""361,32"",""374,62"",""361,32"",""1,70B"",""1,66%"""
"18/05/2020,""361,32"",""359,96"",""363,24"",""357,64"",""1,45B"",""0,38%"""
"15/05/2020,""359,96"",""362,70"",""366,02"",""355,37"",""1,92B"",""-0,76%"""
"14/05/2020,""362,70"",""370,03"",""370,38"",""360,61"",""1,83B"",""-1,98%"""
"13/05/2020,""370,03"",""373,29"",""373,29"",""365,78"",""1,38B"",""-0,87%"""
"12/05/2020,""373,29"",""380,62"",""381,57"",""369,65"",""1,55B"",""-1,93%"""
"11/05/2020,""380,62"",""375,61"",""382,14"",""375,61"",""1,41B"",""1,34%"""
"08/05/2020,""375,61"",""376,59"",""379,75"",""374,49"",""1,74B"",""-0,26%"""
"06/05/2020,""376,59"",""378,52"",""380,46"",""374,77"",""1,25B"",""-0,51%"""
"05/05/2020,""378,52"",""377,94"",""385,15"",""376,57"",""1,13B"",""0,15%"""
"04/05/2020,""377,94"",""391,78"",""391,78"",""374,19"",""1,18B"",""-3,53%"""
"30/04/2020,""391,78"",""373,33"",""393,94"",""373,33"",""1,98B"",""4,94%"""
"29/04/2020,""373,33"",""367,96"",""373,73"",""367,03"",""1,17B"",""1,46%"""
"28/04/2020,""367,96"",""367,58"",""369,63"",""364,61"",""1,18B"",""0,10%"""
"27/04/2020,""367,58"",""363,93"",""369,85"",""362,85"",""1,02B"",""1,00%"""
"24/04/2020,""363,93"",""375,39"",""375,67"",""363,93"",""1,39B"",""-3,05%"""
"23/04/2020,""375,39"",""373,58"",""381,10"",""373,58"",""1,45B"",""0,48%"""
"22/04/2020,""373,58"",""365,08"",""376,63"",""358,21"",""1,48B"",""2,33%"""
"21/04/2020,""365,08"",""373,06"",""373,06"",""364,03"",""1,03B"",""-2,14%"""
"20/04/2020,""373,06"",""379,78"",""383,96"",""373,06"",""1,14B"",""-1,77%"""
"17/04/2020,""379,78"",""362,24"",""380,72"",""362,24"",""1,64B"",""4,84%"""
"16/04/2020,""362,24"",""380,19"",""380,19"",""361,02"",""1,57B"",""-4,72%"""
"15/04/2020,""380,19"",""390,70"",""395,46"",""378,37"",""1,69B"",""-2,69%"""
"14/04/2020,""390,70"",""380,78"",""390,70"",""380,78"",""1,51B"",""2,61%"""
"13/04/2020,""380,78"",""384,79"",""386,27"",""377,98"",""935,32M"",""-1,04%"""
"09/04/2020,""384,79"",""384,05"",""389,23"",""376,50"",""1,50B"",""0,19%"""
"08/04/2020,""384,05"",""401,46"",""401,64"",""379,59"",""1,45B"",""-4,34%"""
"07/04/2020,""401,46"",""406,28"",""424,24"",""395,30"",""2,59B"",""-1,18%"""
"06/04/2020,""406,28"",""389,64"",""406,28"",""389,64"",""2,04B"",""4,27%"""
"03/04/2020,""389,64"",""382,05"",""389,74"",""381,70"",""1,62B"",""1,99%"""
"02/04/2020,""382,05"",""376,11"",""382,05"",""366,26"",""1,45B"",""1,58%"""
"01/04/2020,""376,11"",""383,01"",""394,43"",""371,72"",""1,65B"",""-1,80%"""
"31/03/2020,""383,01"",""371,57"",""389,49"",""371,57"",""1,77B"",""3,08%"""
"30/03/2020,""371,57"",""386,54"",""386,54"",""361,23"",""1,04B"",""-3,87%"""
"27/03/2020,""386,54"",""359,55"",""403,52"",""359,55"",""3,15B"",""7,51%"""
"26/03/2020,""359,55"",""311,88"",""364,37"",""311,24"",""3,35B"",""15,29%"""
"24/03/2020,""311,88"",""321,35"",""338,91"",""311,70"",""2,18B"",""-2,95%"""
"23/03/2020,""321,35"",""344,17"",""344,17"",""321,01"",""912,08M"",""-6,63%"""
"20/03/2020,""344,17"",""336,48"",""353,52"",""315,15"",""2,87B"",""2,29%"""
"19/03/2020,""336,48"",""360,59"",""360,59"",""335,86"",""814,68M"",""-6,69%"""
"18/03/2020,""360,59"",""375,50"",""379,12"",""355,49"",""1,41B"",""-3,97%"""
"17/03/2020,""375,50"",""402,32"",""403,55"",""375,35"",""1,24B"",""-6,67%"""
"16/03/2020,""402,32"",""427,17"",""426,63"",""400,93"",""1,01B"",""-5,82%"""
"13/03/2020,""427,17"",""423,28"",""432,81"",""394,60"",""1,83B"",""0,92%"""
"12/03/2020,""423,28"",""434,48"",""439,29"",""423,28"",""1,13B"",""-5,92%"""
"11/03/2020,""449,90"",""457,65"",""461,11"",""444,84"",""1,16B"",""-1,34%"""
"10/03/2020,""456,02"",""447,73"",""464,63"",""447,72"",""1,25B"",""2,36%"""
"09/03/2020,""445,51"",""466,72"",""468,74"",""445,51"",""1,25B"",""-8,28%"""
"06/03/2020,""485,73"",""494,10"",""494,73"",""485,73"",""804,86M"",""-3,55%"""
"05/03/2020,""503,62"",""509,97"",""511,89"",""499,58"",""929,37M"",""-0,24%"""
"04/03/2020,""504,85"",""488,99"",""505,77"",""488,18"",""1,17B"",""3,51%"""
"03/03/2020,""487,71"",""479,29"",""492,82"",""478,23"",""1,22B"",""3,82%"""
"02/03/2020,""469,75"",""480,89"",""485,73"",""469,75"",""1,13B"",""-2,21%"""
"28/02/2020,""480,39"",""472,80"",""481,31"",""462,00"",""1,55B"",""-1,52%"""
"27/02/2020,""487,80"",""503,03"",""503,32"",""486,29"",""1,16B"",""-3,25%"""
"26/02/2020,""504,16"",""510,02"",""511,02"",""504,16"",""1,08B"",""-2,04%"""
"25/02/2020,""514,64"",""511,56"",""518,25"",""510,26"",""819,33M"",""-0,06%"""
"24/02/2020,""514,97"",""518,37"",""522,22"",""513,34"",""810,05M"",""-1,66%"""
"21/02/2020,""523,64"",""529,02"",""529,58"",""522,56"",""832,47M"",""-1,08%"""
"20/02/2020,""529,34"",""528,57"",""530,80"",""527,28"",""813,04M"",""0,52%"""
"19/02/2020,""526,61"",""523,95"",""526,73"",""523,75"",""815,75M"",""0,91%"""
"18/02/2020,""521,85"",""519,83"",""526,11"",""519,59"",""756,33M"",""0,09%"""
"17/02/2020,""521,39"",""521,03"",""523,65"",""519,63"",""599,32M"",""-0,05%"""
"14/02/2020,""521,63"",""518,68"",""524,16"",""517,51"",""709,93M"",""0,05%"""
"13/02/2020,""521,37"",""525,92"",""526,77"",""520,15"",""723,48M"",""-0,62%"""
"12/02/2020,""524,63"",""528,68"",""529,34"",""523,29"",""795,76M"",""-0,70%"""
"11/02/2020,""528,32"",""531,22"",""532,49"",""526,90"",""585,51M"",""-0,21%"""
"10/02/2020,""529,44"",""532,85"",""533,34"",""526,46"",""766,09M"",""-0,82%"""
"07/02/2020,""533,81"",""534,15"",""535,32"",""532,83"",""734,15M"",""0,05%"""
"06/02/2020,""533,55"",""538,25"",""538,93"",""532,20"",""803,46M"",""-0,17%"""
"05/02/2020,""534,48"",""532,24"",""534,48"",""527,46"",""903,41M"",""1,22%"""
"04/02/2020,""528,05"",""531,93"",""531,93"",""526,04"",""924,64M"",""1,12%"""
"03/02/2020,""522,20"",""523,71"",""529,05"",""520,45"",""813,45M"",""-0,90%"""
"31/01/2020,""526,94"",""543,25"",""543,42"",""526,94"",""504,08M"",""-2,62%"""
"30/01/2020,""541,12"",""550,28"",""550,31"",""540,86"",""315,61M"",""-1,22%"""
"29/01/2020,""547,82"",""549,38"",""552,57"",""546,74"",""348,77M"",""0,01%"""
"28/01/2020,""547,77"",""546,09"",""548,53"",""541,77"",""474,48M"",""-0,33%"""
"27/01/2020,""549,56"",""560,08"",""560,19"",""549,47"",""423,54M"",""-1,95%"""
"24/01/2020,""560,50"",""559,00"",""561,94"",""557,23"",""239,41M"",""0,07%"""
"23/01/2020,""560,12"",""559,68"",""560,57"",""557,15"",""348,07M"",""0,36%"""
"22/01/2020,""558,10"",""559,75"",""561,22"",""557,26"",""445,86M"",""-0,09%"""
"21/01/2020,""558,60"",""558,80"",""559,78"",""555,31"",""374,23M"",""0,21%"""
"20/01/2020,""557,44"",""564,91"",""565,23"",""556,57"",""448,67M"",""-0,79%"""
"17/01/2020,""561,88"",""560,74"",""561,91"",""558,09"",""371,36M"",""0,40%"""
"16/01/2020,""559,65"",""558,85"",""561,41"",""555,54"",""387,95M"",""-0,06%"""
"15/01/2020,""560,00"",""563,98"",""566,21"",""556,23"",""547,38M"",""-0,68%"""
"14/01/2020,""563,85"",""561,53"",""563,85"",""559,84"",""519,46M"",""0,69%"""
"13/01/2020,""560,01"",""558,02"",""560,01"",""556,34"",""582,52M"",""0,74%"""
"10/01/2020,""555,90"",""557,00"",""557,52"",""554,91"",""556,76M"",""0,14%"""
"09/01/2020,""555,10"",""552,38"",""555,12"",""551,16"",""454,42M"",""1,11%"""
"08/01/2020,""549,01"",""549,78"",""552,11"",""548,09"",""654,67M"",""-0,90%"""
"07/01/2020,""554,00"",""553,57"",""554,91"",""550,66"",""451,01M"",""0,42%"""
"06/01/2020,""551,66"",""552,72"",""554,92"",""549,14"",""585,88M"",""-1,07%"""
"03/01/2020,""557,65"",""555,22"",""557,65"",""552,95"",""608,64M"",""0,95%"""
"02/01/2020,""552,40"",""555,28"",""555,51"",""549,88"",""296,24M"",""-0,26%"""
"30/12/2019,""553,86"",""558,21"",""559,04"",""553,86"",""445,06M"",""-0,82%"""
"27/12/2019,""558,46"",""557,65"",""559,06"",""556,98"",""406,27M"",""0,14%"""
"26/12/2019,""557,68"",""556,72"",""559,42"",""556,40"",""372,04M"",""-0,01%"""
"23/12/2019,""557,73"",""559,92"",""559,97"",""553,42"",""304,71M"",""0,40%"""
"20/12/2019,""555,52"",""551,38"",""555,52"",""548,97"",""452,64M"",""0,88%"""
"19/12/2019,""550,66"",""553,93"",""554,76"",""548,57"",""504,17M"",""-0,96%"""
"18/12/2019,""555,99"",""549,70"",""555,99"",""546,88"",""506,34M"",""1,09%"""
"17/12/2019,""549,98"",""547,68"",""549,98"",""544,66"",""650,50M"",""0,73%"""
"16/12/2019,""545,97"",""544,15"",""548,93"",""544,11"",""811,13M"",""0,35%"""
"13/12/2019,""544,07"",""541,62"",""544,07"",""540,32"",""555,36M"",""1,62%"""
"12/12/2019,""535,40"",""540,39"",""542,76"",""535,40"",""435,31M"",""-0,80%"""
"11/12/2019,""539,74"",""542,21"",""542,81"",""538,81"",""455,06M"",""-0,30%"""
"10/12/2019,""541,38"",""540,49"",""543,00"",""540,10"",""451,30M"",""-0,16%"""
"09/12/2019,""542,23"",""543,13"",""544,02"",""540,37"",""595,90M"",""-0,05%"""
"06/12/2019,""542,48"",""540,41"",""542,91"",""537,15"",""571,19M"",""0,54%"""
"05/12/2019,""539,58"",""535,68"",""539,85"",""535,41"",""627,79M"",""1,31%"""
"04/12/2019,""532,58"",""533,13"",""534,63"",""530,79"",""434,63M"",""-0,38%"""
"03/12/2019,""534,59"",""533,71"",""536,61"",""531,84"",""423,90M"",""-0,12%"""
"02/12/2019,""535,25"",""525,90"",""535,25"",""525,28"",""457,71M"",""2,22%"""
"29/11/2019,""523,62"",""517,34"",""525,54"",""515,52"",""399,32M"",""1,22%"""
"28/11/2019,""517,29"",""523,36"",""526,99"",""516,72"",""409,38M"",""-1,54%"""
"27/11/2019,""525,36"",""522,38"",""528,53"",""520,28"",""372,10M"",""0,41%"""
"26/11/2019,""523,19"",""531,60"",""531,94"",""523,19"",""570,07M"",""-1,01%"""
"25/11/2019,""528,54"",""532,94"",""533,94"",""526,93"",""318,98M"",""-1,03%"""
"22/11/2019,""534,04"",""534,75"",""536,92"",""532,70"",""340,30M"",""-0,19%"""
"21/11/2019,""535,07"",""535,71"",""536,45"",""531,92"",""334,22M"",""-0,71%"""
"20/11/2019,""538,87"",""534,72"",""539,79"",""532,78"",""357,41M"",""0,30%"""
"19/11/2019,""537,25"",""532,56"",""537,25"",""529,51"",""391,59M"",""1,30%"""
"18/11/2019,""530,36"",""530,19"",""531,79"",""528,10"",""318,68M"",""-0,13%"""
"15/11/2019,""531,07"",""528,14"",""532,34"",""524,70"",""335,52M"",""1,15%"""
"14/11/2019,""525,04"",""529,02"",""530,12"",""520,59"",""386,34M"",""-1,06%"""
"13/11/2019,""530,64"",""535,48"",""535,95"",""528,76"",""317,20M"",""-1,05%"""
"12/11/2019,""536,29"",""531,01"",""536,54"",""530,62"",""368,68M"",""0,52%"""
"11/11/2019,""533,54"",""533,55"",""535,01"",""530,75"",""324,75M"",""-0,31%"""
"08/11/2019,""535,18"",""531,99"",""535,43"",""528,20"",""515,87M"",""0,52%"""
"07/11/2019,""532,41"",""540,43"",""540,43"",""525,74"",""613,26M"",""-1,06%"""
"06/11/2019,""538,09"",""546,49"",""546,52"",""537,02"",""651,02M"",""-1,36%"""
"05/11/2019,""545,51"",""535,58"",""545,51"",""534,48"",""641,74M"",""2,50%"""
"04/11/2019,""532,23"",""536,01"",""538,78"",""532,23"",""690,65M"",""-0,42%"""
"01/11/2019,""534,46"",""536,50"",""537,56"",""532,42"",""1,20B"",""-0,44%"""
"31/10/2019,""536,84"",""542,90"",""543,53"",""533,81"",""1,48B"",""-1,44%"""
"30/10/2019,""544,67"",""546,57"",""546,65"",""541,06"",""764,50M"",""0,10%"""
"29/10/2019,""544,10"",""541,97"",""544,10"",""539,57"",""851,12M"",""0,36%"""
"28/10/2019,""542,17"",""540,87"",""543,56"",""539,42"",""642,80M"",""0,29%"""
"25/10/2019,""540,61"",""551,92"",""552,16"",""539,68"",""829,10M"",""-1,99%"""
"24/10/2019,""551,58"",""542,73"",""551,94"",""541,93"",""1,17B"",""2,01%"""
"23/10/2019,""540,73"",""535,27"",""540,73"",""532,49"",""953,33M"",""0,93%"""
"22/10/2019,""535,76"",""532,46"",""535,76"",""528,89"",""754,59M"",""0,76%"""
"21/10/2019,""531,71"",""533,34"",""535,22"",""530,09"",""706,09M"",""0,10%"""
"18/10/2019,""531,17"",""527,93"",""532,43"",""527,28"",""1,37B"",""0,72%"""
"17/10/2019,""527,35"",""524,19"",""527,43"",""524,10"",""963,01M"",""0,57%"""
"16/10/2019,""524,37"",""523,92"",""524,76"",""521,12"",""841,34M"",""0,35%"""
"15/10/2019,""522,56"",""520,39"",""522,56"",""517,77"",""760,27M"",""0,54%"""
"14/10/2019,""519,74"",""519,92"",""522,39"",""516,96"",""611,85M"",""0,66%"""
"11/10/2019,""516,35"",""509,76"",""517,18"",""509,70"",""725,17M"",""1,62%"""
"10/10/2019,""508,10"",""507,95"",""510,92"",""507,57"",""795,06M"",""-0,23%"""
"09/10/2019,""509,25"",""510,29"",""512,18"",""508,87"",""711,63M"",""-0,41%"""
"08/10/2019,""511,35"",""511,79"",""513,59"",""508,22"",""739,05M"",""0,63%"""
"07/10/2019,""508,15"",""517,35"",""517,61"",""507,28"",""708,06M"",""-1,31%"""
"04/10/2019,""514,87"",""513,74"",""516,37"",""512,69"",""1,36B"",""0,80%"""
"03/10/2019,""510,76"",""510,98"",""513,29"",""507,33"",""1,36B"",""-0,72%"""
"02/10/2019,""514,49"",""522,81"",""526,66"",""514,49"",""797,54M"",""-1,97%"""
"01/10/2019,""524,82"",""528,91"",""529,96"",""524,80"",""586,31M"",""-0,86%"""
"30/09/2019,""529,39"",""531,38"",""532,17"",""527,11"",""789,79M"",""-0,56%"""
"27/09/2019,""532,35"",""533,10"",""534,28"",""531,04"",""579,97M"",""-0,66%"""
"26/09/2019,""535,89"",""529,05"",""536,34"",""527,84"",""787,47M"",""1,87%"""
"25/09/2019,""526,05"",""523,77"",""526,17"",""518,96"",""696,97M"",""-0,05%"""
"24/09/2019,""526,31"",""531,40"",""532,13"",""525,05"",""891,29M"",""-1,50%"""
"23/09/2019,""534,31"",""536,62"",""537,62"",""533,36"",""756,55M"",""-0,30%"""
"20/09/2019,""535,93"",""537,50"",""538,50"",""533,34"",""1,06B"",""-0,23%"""
"19/09/2019,""537,17"",""540,93"",""541,67"",""536,77"",""658,90M"",""-0,91%"""
"18/09/2019,""542,08"",""538,94"",""542,08"",""538,26"",""840,31M"",""0,58%"""
"17/09/2019,""538,97"",""536,82"",""539,59"",""534,92"",""945,14M"",""0,20%"""
"16/09/2019,""537,90"",""538,09"",""538,56"",""532,46"",""1,17B"",""-0,85%"""
"13/09/2019,""542,53"",""546,92"",""547,15"",""541,38"",""646,09M"",""0,00%"""
"12/09/2019,""542,51"",""550,17"",""551,77"",""542,51"",""911,26M"",""-1,01%"""
"11/09/2019,""548,02"",""542,92"",""548,02"",""539,86"",""1,04B"",""0,85%"""
"10/09/2019,""543,38"",""542,58"",""543,38"",""540,04"",""1,01B"",""0,26%"""
"09/09/2019,""541,99"",""544,25"",""544,33"",""539,83"",""912,57M"",""0,11%"""
"06/09/2019,""541,39"",""543,19"",""544,02"",""539,74"",""877,91M"",""0,30%"""
"05/09/2019,""539,76"",""538,06"",""539,85"",""535,07"",""778,37M"",""1,03%"""
"04/09/2019,""534,25"",""536,07"",""536,10"",""531,11"",""841,09M"",""-0,14%"""
"03/09/2019,""535,01"",""540,47"",""542,70"",""533,03"",""957,00M"",""-0,92%"""
"02/09/2019,""539,96"",""545,30"",""545,85"",""539,57"",""1,12B"",""-0,96%"""
"30/08/2019,""545,20"",""541,11"",""545,20"",""539,21"",""1,06B"",""1,45%"""
"29/08/2019,""537,39"",""537,45"",""539,37"",""535,76"",""788,37M"",""0,18%"""
"28/08/2019,""536,42"",""537,82"",""539,21"",""534,72"",""948,85M"",""0,07%"""
"27/08/2019,""536,03"",""533,31"",""537,29"",""528,75"",""1,56B"",""1,30%"""
"26/08/2019,""529,17"",""524,51"",""529,80"",""519,83"",""874,25M"",""-0,70%"""
"23/08/2019,""532,91"",""529,00"",""532,91"",""525,69"",""893,97M"",""0,33%"""
"22/08/2019,""531,18"",""531,39"",""532,59"",""526,43"",""951,57M"",""0,06%"""
"21/08/2019,""530,86"",""536,71"",""538,62"",""530,86"",""769,24M"",""-1,24%"""
"20/08/2019,""537,53"",""539,93"",""540,19"",""535,70"",""906,18M"",""-0,07%"""
"19/08/2019,""537,88"",""539,16"",""540,74"",""535,99"",""729,02M"",""0,38%"""
"16/08/2019,""535,85"",""538,22"",""538,85"",""534,15"",""993,52M"",""-0,30%"""
"15/08/2019,""537,45"",""529,64"",""537,45"",""527,70"",""911,85M"",""-0,52%"""
"14/08/2019,""540,24"",""540,57"",""541,64"",""536,90"",""1,01B"",""1,10%"""
"13/08/2019,""534,36"",""540,54"",""540,54"",""532,16"",""880,29M"",""-0,99%"""
"12/08/2019,""539,72"",""545,46"",""546,01"",""538,36"",""683,13M"",""-0,49%"""
"09/08/2019,""542,36"",""545,45"",""547,30"",""542,36"",""855,28M"",""0,01%"""
"08/08/2019,""542,28"",""538,06"",""543,02"",""536,93"",""1,02B"",""1,33%"""
"07/08/2019,""535,18"",""531,61"",""537,46"",""530,38"",""1,41B"",""1,69%"""
"06/08/2019,""526,27"",""524,73"",""532,05"",""517,96"",""1,71B"",""-1,56%"""
"05/08/2019,""534,63"",""548,40"",""549,24"",""534,61"",""1,50B"",""-3,17%"""
"02/08/2019,""552,14"",""551,04"",""553,62"",""549,73"",""1,04B"",""-0,77%"""
"01/08/2019,""556,43"",""558,81"",""559,90"",""555,43"",""1,13B"",""-0,59%"""
"31/07/2019,""559,72"",""556,31"",""559,88"",""554,54"",""1,12B"",""0,19%"""
"30/07/2019,""558,66"",""554,60"",""558,71"",""553,70"",""740,47M"",""1,23%"""
"29/07/2019,""551,89"",""554,92"",""555,90"",""549,87"",""684,18M"",""-0,23%"""
"26/07/2019,""553,14"",""557,99"",""558,67"",""551,48"",""1,39B"",""-1,45%"""
"25/07/2019,""561,29"",""560,97"",""562,76"",""559,67"",""2,45B"",""0,21%"""
"24/07/2019,""560,11"",""564,12"",""564,49"",""559,68"",""4,82B"",""-0,49%"""
"23/07/2019,""562,87"",""565,82"",""566,37"",""561,83"",""1,86B"",""-0,31%"""
"22/07/2019,""564,60"",""567,19"",""567,63"",""562,66"",""2,48B"",""-0,35%"""
"19/07/2019,""566,57"",""564,25"",""566,57"",""563,64"",""2,99B"",""0,73%"""
"18/07/2019,""562,46"",""561,04"",""563,68"",""559,02"",""2,57B"",""-0,01%"""
"17/07/2019,""562,54"",""562,53"",""563,50"",""560,37"",""3,11B"",""-0,20%"""
"16/07/2019,""563,65"",""564,24"",""565,32"",""562,24"",""1,65B"",""-0,25%"""
"15/07/2019,""565,08"",""564,22"",""567,42"",""563,18"",""1,68B"",""1,05%"""
"12/07/2019,""559,23"",""563,55"",""564,29"",""559,13"",""1,17B"",""-0,88%"""
"11/07/2019,""564,19"",""565,41"",""566,01"",""561,84"",""1,28B"",""0,08%"""
"10/07/2019,""563,76"",""561,78"",""563,76"",""560,85"",""711,15M"",""0,44%"""
"09/07/2019,""561,27"",""556,81"",""561,27"",""556,66"",""609,01M"",""0,75%"""
"08/07/2019,""557,10"",""558,42"",""559,53"",""554,90"",""556,74M"",""-0,59%"""
"05/07/2019,""560,38"",""560,18"",""561,37"",""558,30"",""977,14M"",""-0,04%"""
"04/07/2019,""560,61"",""560,66"",""561,36"",""558,86"",""1,44B"",""-0,04%"""
"03/07/2019,""560,81"",""558,84"",""561,90"",""557,06"",""1,17B"",""-0,22%"""
"02/07/2019,""562,06"",""561,77"",""562,19"",""558,63"",""1,99B"",""0,26%"""
"01/07/2019,""560,62"",""560,03"",""561,19"",""558,30"",""1,24B"",""0,67%"""
"28/06/2019,""556,91"",""556,97"",""558,20"",""554,92"",""853,72M"",""0,31%"""
"27/06/2019,""555,20"",""551,54"",""555,88"",""550,81"",""832,09M"",""0,99%"""
"26/06/2019,""549,75"",""551,88"",""553,03"",""549,22"",""1,06B"",""-0,31%"""
"25/06/2019,""551,46"",""551,83"",""552,05"",""549,56"",""905,56M"",""0,54%"""
"24/06/2019,""548,51"",""551,03"",""552,15"",""547,54"",""504,03M"",""-0,67%"""
"21/06/2019,""552,23"",""555,02"",""555,82"",""545,71"",""1,24B"",""-0,36%"""
"20/06/2019,""554,21"",""556,95"",""557,55"",""550,87"",""907,82M"",""-0,37%"""
"19/06/2019,""556,26"",""551,71"",""556,26"",""551,54"",""930,39M"",""1,61%"""
"18/06/2019,""547,44"",""540,46"",""547,44"",""540,28"",""702,43M"",""1,41%"""
"17/06/2019,""539,83"",""546,34"",""546,41"",""539,83"",""493,08M"",""-1,00%"""
"14/06/2019,""545,29"",""547,53"",""549,26"",""543,41"",""604,91M"",""-0,29%"""
"13/06/2019,""546,87"",""549,00"",""549,06"",""543,99"",""740,65M"",""-0,21%"""
"12/06/2019,""548,03"",""545,66"",""548,56"",""545,30"",""695,79M"",""-0,58%"""
"11/06/2019,""551,22"",""550,92"",""552,81"",""546,20"",""800,27M"",""-0,09%"""
"10/06/2019,""551,70"",""551,04"",""556,92"",""550,33"",""1,38B"",""1,95%"""
"31/05/2019,""541,15"",""529,33"",""541,15"",""529,13"",""1,20B"",""2,49%"""
"29/05/2019,""528,00"",""523,78"",""529,10"",""522,98"",""790,86M"",""1,57%"""
"28/05/2019,""519,85"",""529,18"",""530,71"",""519,85"",""2,12B"",""-1,71%"""
"27/05/2019,""528,91"",""523,73"",""530,55"",""523,30"",""751,91M"",""0,96%"""
"24/05/2019,""523,89"",""522,13"",""527,32"",""521,45"",""695,12M"",""0,54%"""
"23/05/2019,""521,08"",""509,67"",""522,20"",""509,39"",""861,75M"",""2,40%"""
"22/05/2019,""508,86"",""510,15"",""512,38"",""506,58"",""549,06M"",""-0,37%"""
"21/05/2019,""510,73"",""509,64"",""515,77"",""508,11"",""1,24B"",""0,74%"""
"20/05/2019,""507,00"",""497,15"",""510,55"",""490,67"",""1,22B"",""1,90%"""
"17/05/2019,""497,56"",""511,50"",""512,22"",""497,56"",""1,08B"",""-1,76%"""
"16/05/2019,""506,49"",""514,21"",""518,77"",""504,96"",""882,41M"",""-1,76%"""
"15/05/2019,""515,59"",""528,03"",""528,95"",""515,59"",""916,81M"",""-1,85%"""
"14/05/2019,""525,30"",""523,26"",""529,34"",""519,77"",""1,07B"",""-1,01%"""
"13/05/2019,""530,64"",""538,52"",""539,54"",""530,64"",""628,85M"",""-1,06%"""
"10/05/2019,""536,33"",""536,24"",""539,13"",""530,38"",""769,73M"",""0,11%"""
"09/05/2019,""535,76"",""540,42"",""541,99"",""535,18"",""941,28M"",""-1,68%"""
"08/05/2019,""544,93"",""542,80"",""544,93"",""540,20"",""738,42M"",""-0,57%"""
"07/05/2019,""548,03"",""545,70"",""549,70"",""545,13"",""694,19M"",""0,83%"""
"06/05/2019,""543,54"",""541,04"",""543,61"",""536,85"",""763,90M"",""-1,17%"""
"03/05/2019,""549,95"",""553,91"",""554,31"",""544,94"",""842,03M"",""-0,94%"""
"02/05/2019,""555,17"",""561,69"",""562,61"",""553,90"",""998,21M"",""-1,10%"""
"30/04/2019,""561,36"",""560,19"",""562,18"",""559,03"",""897,77M"",""0,54%"""
"29/04/2019,""558,35"",""554,94"",""559,39"",""552,93"",""621,32M"",""0,25%"""
"26/04/2019,""556,97"",""550,18"",""556,97"",""547,78"",""679,10M"",""0,63%"""
"25/04/2019,""553,51"",""558,34"",""559,39"",""551,16"",""808,06M"",""-1,50%"""
"24/04/2019,""561,92"",""562,94"",""564,22"",""559,75"",""662,36M"",""-0,26%"""
"23/04/2019,""563,37"",""558,69"",""565,12"",""557,16"",""685,20M"",""0,98%"""
"22/04/2019,""557,89"",""567,89"",""568,50"",""556,70"",""739,91M"",""-1,69%"""
"18/04/2019,""567,47"",""576,07"",""584,31"",""565,54"",""1,41B"",""0,62%"""
"16/04/2019,""563,99"",""558,53"",""564,58"",""557,96"",""830,22M"",""1,10%"""
"15/04/2019,""557,83"",""557,95"",""559,09"",""554,82"",""591,20M"",""0,52%"""
"12/04/2019,""554,93"",""552,73"",""556,20"",""552,73"",""625,14M"",""-0,01%"""
"11/04/2019,""554,98"",""562,84"",""563,32"",""554,98"",""680,35M"",""-1,64%"""
"10/04/2019,""564,26"",""563,28"",""564,37"",""561,32"",""803,57M"",""-0,02%"""
"09/04/2019,""564,40"",""560,70"",""565,24"",""559,26"",""776,59M"",""0,86%"""
"08/04/2019,""559,60"",""562,98"",""563,27"",""553,24"",""805,40M"",""-0,46%"""
"05/04/2019,""562,17"",""565,10"",""565,46"",""562,17"",""635,84M"",""-0,36%"""
"04/04/2019,""564,21"",""562,74"",""564,91"",""561,64"",""928,08M"",""0,63%"""
"02/04/2019,""560,69"",""561,71"",""562,98"",""557,83"",""653,49M"",""0,40%"""
"01/04/2019,""558,46"",""563,10"",""563,62"",""558,46"",""684,89M"",""-0,40%"""
"29/03/2019,""560,70"",""560,18"",""561,07"",""556,90"",""914,68M"",""0,08%"""
"28/03/2019,""560,27"",""557,31"",""560,27"",""556,30"",""771,77M"",""0,96%"""
"27/03/2019,""554,96"",""560,50"",""560,69"",""554,96"",""632,82M"",""-0,74%"""
"26/03/2019,""559,07"",""556,03"",""559,47"",""555,39"",""594,02M"",""1,29%"""
"25/03/2019,""551,96"",""557,11"",""559,36"",""550,96"",""874,31M"",""-2,16%"""
"22/03/2019,""564,15"",""564,25"",""564,66"",""561,96"",""580,46M"",""0,21%"""
"21/03/2019,""562,98"",""562,96"",""564,16"",""560,44"",""779,98M"",""0,39%"""
"20/03/2019,""560,79"",""561,11"",""561,68"",""558,37"",""625,95M"",""0,10%"""
"19/03/2019,""560,23"",""564,00"",""564,61"",""559,07"",""678,29M"",""-0,55%"""
"18/03/2019,""563,35"",""560,63"",""563,35"",""559,40"",""671,47M"",""1,01%"""
"15/03/2019,""557,74"",""552,76"",""561,02"",""552,67"",""1,28B"",""1,06%"""
"14/03/2019,""551,89"",""547,08"",""551,89"",""546,70"",""822,49M"",""0,79%"""
"13/03/2019,""547,57"",""544,71"",""548,00"",""543,88"",""788,15M"",""0,21%"""
"12/03/2019,""546,41"",""551,35"",""552,05"",""545,36"",""734,84M"",""-0,19%"""
"11/03/2019,""547,45"",""551,83"",""551,88"",""546,74"",""713,17M"",""0,15%"""
"08/03/2019,""546,65"",""551,95"",""553,25"",""546,65"",""1,49B"",""-1,40%"""
"06/03/2019,""554,39"",""556,22"",""556,70"",""551,35"",""856,87M"",""0,17%"""
"05/03/2019,""553,43"",""558,75"",""558,75"",""550,48"",""869,98M"",""-0,99%"""
"04/03/2019,""558,99"",""560,32"",""564,24"",""558,99"",""696,17M"",""-0,07%"""
"01/03/2019,""559,37"",""556,39"",""560,47"",""555,90"",""785,04M"",""1,20%"""
"28/02/2019,""552,76"",""561,82"",""561,82"",""552,08"",""1,82B"",""-1,58%"""
"27/02/2019,""561,63"",""562,05"",""563,24"",""559,08"",""1,34B"",""-0,32%"""
"26/02/2019,""563,41"",""560,70"",""563,41"",""557,31"",""3,02B"",""0,53%"""
"25/02/2019,""560,43"",""560,85"",""562,35"",""558,49"",""1,91B"",""0,43%"""
"22/02/2019,""558,03"",""560,05"",""561,67"",""555,91"",""990,55M"",""-0,86%"""
"21/02/2019,""562,86"",""559,86"",""563,40"",""558,03"",""1,16B"",""0,46%"""
"20/02/2019,""560,29"",""561,33"",""564,48"",""556,03"",""1,53B"",""0,44%"""
"19/02/2019,""557,81"",""560,42"",""563,62"",""557,81"",""922,15M"",""-0,41%"""
"18/02/2019,""560,11"",""552,47"",""561,18"",""552,29"",""987,78M"",""2,38%"""
"15/02/2019,""547,07"",""550,94"",""551,36"",""544,98"",""1,10B"",""-0,56%"""
"14/02/2019,""550,17"",""553,59"",""555,09"",""549,46"",""2,09B"",""-0,38%"""
"13/02/2019,""552,25"",""557,70"",""558,46"",""551,53"",""1,38B"",""-0,57%"""
"12/02/2019,""555,42"",""562,60"",""563,16"",""552,24"",""2,10B"",""-1,07%"""
"11/02/2019,""561,41"",""565,12"",""565,92"",""561,41"",""819,49M"",""-0,59%"""
"08/02/2019,""564,74"",""563,78"",""565,51"",""562,52"",""793,85M"",""-0,42%"""
"07/02/2019,""567,15"",""569,40"",""569,66"",""564,57"",""969,67M"",""-0,20%"""
"06/02/2019,""568,29"",""565,16"",""569,71"",""565,16"",""1,51B"",""1,07%"""
"04/02/2019,""562,28"",""572,68"",""574,00"",""561,81"",""974,14M"",""-1,80%"""
"01/02/2019,""572,56"",""573,31"",""576,49"",""568,86"",""1,17B"",""0,31%"""
"31/01/2019,""570,79"",""566,41"",""571,29"",""566,09"",""1,75B"",""1,46%"""
"30/01/2019,""562,60"",""559,30"",""563,28"",""557,68"",""1,29B"",""0,79%"""
"29/01/2019,""558,18"",""559,57"",""563,63"",""557,54"",""1,10B"",""-0,39%"""
"28/01/2019,""560,34"",""565,18"",""566,21"",""556,95"",""1,30B"",""-0,75%"""
"25/01/2019,""564,57"",""563,76"",""565,92"",""562,30"",""1,16B"",""0,31%"""
"24/01/2019,""562,80"",""561,99"",""564,18"",""560,11"",""1,21B"",""0,10%"""
"23/01/2019,""562,23"",""564,89"",""566,87"",""562,21"",""1,06B"",""-0,88%"""
"22/01/2019,""567,21"",""566,86"",""567,53"",""561,26"",""860,42M"",""0,12%"""
"21/01/2019,""566,54"",""566,97"",""568,74"",""565,41"",""842,24M"",""-0,10%"""
"18/01/2019,""567,13"",""566,63"",""567,13"",""561,25"",""939,25M"",""0,59%"""
"17/01/2019,""563,79"",""562,62"",""566,58"",""561,65"",""1,44B"",""0,38%"""
"16/01/2019,""561,64"",""561,91"",""562,82"",""558,20"",""2,10B"",""0,15%"""
"15/01/2019,""560,81"",""555,80"",""560,81"",""553,14"",""1,90B"",""1,18%"""
"14/01/2019,""554,27"",""555,61"",""556,04"",""550,34"",""1,36B"",""-0,51%"""
"11/01/2019,""557,12"",""557,99"",""558,29"",""554,24"",""1,08B"",""0,33%"""
"10/01/2019,""555,27"",""551,00"",""555,27"",""547,10"",""3,11B"",""1,35%"""
"09/01/2019,""547,88"",""553,04"",""553,69"",""547,15"",""2,09B"",""-0,09%"""
"08/01/2019,""548,40"",""552,11"",""554,43"",""546,56"",""1,40B"",""-0,55%"""
"07/01/2019,""551,44"",""557,32"",""560,25"",""551,44"",""2,16B"",""0,02%"""
"04/01/2019,""551,33"",""544,10"",""551,33"",""542,49"",""1,59B"",""1,10%"""
"03/01/2019,""545,35"",""540,70"",""545,35"",""539,75"",""963,97M"",""0,66%"""
"02/01/2019,""541,75"",""541,15"",""542,98"",""539,43"",""876,88M"",""0,18%"""
"28/12/2018,""540,77"",""546,01"",""547,32"",""540,77"",""722,64M"",""-0,72%"""
"27/12/2018,""544,70"",""546,25"",""547,83"",""542,28"",""642,02M"",""0,87%"""
"26/12/2018,""540,00"",""539,64"",""542,80"",""536,22"",""633,47M"",""-0,91%"""
"21/12/2018,""544,94"",""538,50"",""545,68"",""538,00"",""1,18B"",""0,39%"""
"20/12/2018,""542,83"",""540,97"",""543,38"",""538,49"",""915,22M"",""-0,49%"""
"19/12/2018,""545,52"",""533,86"",""545,77"",""533,83"",""1,29B"",""2,01%"""
"18/12/2018,""534,78"",""530,34"",""535,06"",""525,81"",""926,49M"",""-0,07%"""
"17/12/2018,""535,17"",""542,64"",""544,21"",""535,17"",""1,04B"",""-1,56%"""
"14/12/2018,""543,63"",""544,00"",""545,34"",""542,51"",""1,17B"",""-0,05%"""
"13/12/2018,""543,92"",""540,71"",""545,26"",""539,85"",""1,76B"",""1,27%"""
"12/12/2018,""537,11"",""537,29"",""537,93"",""534,60"",""2,15B"",""0,54%"""
"11/12/2018,""534,23"",""535,34"",""536,80"",""533,05"",""1,53B"",""-0,66%"""
"10/12/2018,""537,78"",""535,76"",""538,45"",""534,27"",""727,11M"",""-0,25%"""
"07/12/2018,""539,14"",""538,10"",""542,14"",""536,59"",""1,05B"",""0,00%"""
"06/12/2018,""539,12"",""535,13"",""539,12"",""534,39"",""1,04B"",""-0,28%"""
"05/12/2018,""540,64"",""536,16"",""540,95"",""534,04"",""1,19B"",""-0,62%"""
"04/12/2018,""544,01"",""539,67"",""544,01"",""539,38"",""1,41B"",""0,85%"""
"03/12/2018,""539,43"",""541,35"",""545,09"",""538,67"",""1,90B"",""1,27%"""
"30/11/2018,""532,67"",""538,90"",""539,90"",""532,67"",""3,04B"",""-1,26%"""
"29/11/2018,""539,45"",""531,97"",""539,47"",""531,81"",""1,81B"",""2,45%"""
"28/11/2018,""526,56"",""532,05"",""532,21"",""526,56"",""2,17B"",""-0,68%"""
"27/11/2018,""530,14"",""527,99"",""531,88"",""526,96"",""1,10B"",""-0,19%"""
"26/11/2018,""531,14"",""527,86"",""531,34"",""527,48"",""1,10B"",""0,32%"""
"23/11/2018,""529,44"",""528,57"",""530,44"",""524,57"",""749,41M"",""0,34%"""
"22/11/2018,""527,65"",""519,18"",""528,03"",""519,18"",""1,16B"",""1,27%"""
"21/11/2018,""521,05"",""518,21"",""524,63"",""514,83"",""1,23B"",""-1,18%"""
"19/11/2018,""527,27"",""530,96"",""531,26"",""523,31"",""787,99M"",""-0,26%"""
"16/11/2018,""528,64"",""524,22"",""534,28"",""522,65"",""1,23B"",""1,38%"""
"15/11/2018,""521,46"",""513,81"",""522,47"",""512,94"",""974,80M"",""2,27%"""
"14/11/2018,""509,91"",""509,71"",""515,14"",""508,51"",""2,28B"",""0,67%"""
"13/11/2018,""506,54"",""495,59"",""508,67"",""494,86"",""1,14B"",""1,57%"""
"12/11/2018,""498,69"",""511,28"",""512,92"",""498,69"",""982,81M"",""-2,69%"""
"09/11/2018,""512,45"",""520,38"",""520,62"",""511,35"",""1,41B"",""-2,69%"""
"08/11/2018,""526,60"",""526,99"",""529,37"",""523,00"",""1,18B"",""0,78%"""
"07/11/2018,""522,52"",""523,49"",""523,82"",""516,12"",""1,11B"",""0,31%"""
"06/11/2018,""520,90"",""524,38"",""525,65"",""518,26"",""858,14M"",""-0,06%"""
"05/11/2018,""521,20"",""517,84"",""521,20"",""516,48"",""678,36M"",""0,35%"""
"02/11/2018,""519,37"",""515,33"",""519,37"",""508,50"",""1,55B"",""1,82%"""
"01/11/2018,""510,07"",""511,65"",""514,79"",""507,50"",""1,19B"",""0,35%"""
"31/10/2018,""508,28"",""506,94"",""508,28"",""500,28"",""1,32B"",""1,10%"""
"30/10/2018,""502,73"",""496,96"",""503,04"",""495,15"",""1,19B"",""1,19%"""
"29/10/2018,""496,81"",""500,17"",""502,66"",""495,53"",""676,78M"",""-0,59%"""
"26/10/2018,""499,75"",""496,08"",""500,65"",""493,80"",""787,42M"",""0,91%"""
"25/10/2018,""495,25"",""478,35"",""495,25"",""478,19"",""877,90M"",""1,28%"""
"24/10/2018,""488,99"",""500,25"",""502,17"",""488,99"",""2,33B"",""-2,33%"""
"23/10/2018,""500,68"",""504,62"",""505,26"",""499,94"",""1,56B"",""-0,82%"""
"22/10/2018,""504,81"",""504,26"",""507,49"",""503,19"",""2,03B"",""0,19%"""
"19/10/2018,""503,85"",""500,39"",""506,44"",""499,48"",""1,61B"",""-0,35%"""
"18/10/2018,""505,62"",""507,58"",""508,60"",""501,83"",""930,56M"",""-0,90%"""
"17/10/2018,""510,22"",""508,63"",""510,22"",""504,80"",""772,82M"",""1,20%"""
"16/10/2018,""504,16"",""495,56"",""504,16"",""493,10"",""693,23M"",""2,05%"""
"15/10/2018,""494,02"",""499,36"",""502,40"",""493,68"",""764,41M"",""-0,19%"""
"12/10/2018,""494,96"",""492,55"",""499,99"",""492,55"",""878,47M"",""1,08%"""
"11/10/2018,""489,65"",""489,70"",""493,67"",""483,29"",""2,77B"",""-2,36%"""
"10/10/2018,""501,47"",""502,31"",""503,45"",""498,85"",""1,18B"",""0,35%"""
"09/10/2018,""499,72"",""496,60"",""499,72"",""493,92"",""726,62M"",""0,93%"""
"08/10/2018,""495,11"",""491,06"",""500,03"",""490,74"",""1,82B"",""0,74%"""
"05/10/2018,""491,49"",""492,90"",""495,65"",""489,69"",""2,59B"",""-0,78%"""
"04/10/2018,""495,35"",""503,98"",""503,98"",""494,17"",""3,81B"",""-2,29%"""
"03/10/2018,""506,98"",""508,81"",""512,98"",""505,79"",""1,66B"",""-0,41%"""
"02/10/2018,""509,06"",""516,45"",""517,89"",""507,39"",""2,79B"",""-1,38%"""
"01/10/2018,""516,16"",""514,51"",""520,70"",""514,51"",""721,09M"",""-0,42%"""
"28/09/2018,""518,34"",""513,94"",""519,34"",""513,94"",""1,16B"",""0,88%"""
"27/09/2018,""513,84"",""506,25"",""513,93"",""506,12"",""909,53M"",""1,45%"""
"26/09/2018,""506,50"",""506,36"",""511,82"",""505,87"",""1,44B"",""-0,09%"""
"25/09/2018,""506,98"",""506,79"",""509,28"",""504,14"",""1,11B"",""-0,15%"""
"24/09/2018,""507,74"",""516,32"",""516,32"",""506,92"",""803,83M"",""-1,66%"""
"21/09/2018,""516,30"",""517,10"",""518,27"",""513,36"",""1,12B"",""0,51%"""
"20/09/2018,""513,67"",""508,96"",""514,70"",""508,23"",""971,53M"",""1,61%"""
"19/09/2018,""505,51"",""502,47"",""506,77"",""502,45"",""640,53M"",""1,29%"""
"18/09/2018,""499,09"",""499,38"",""502,91"",""494,91"",""791,16M"",""-0,17%"""
"17/09/2018,""499,96"",""509,35"",""509,62"",""498,75"",""556,07M"",""-2,49%"""
"14/09/2018,""512,71"",""506,69"",""512,71"",""505,61"",""694,22M"",""1,55%"""
"13/09/2018,""504,87"",""503,39"",""505,79"",""502,58"",""857,04M"",""1,34%"""
"12/09/2018,""498,19"",""505,53"",""508,29"",""498,19"",""1,11B"",""-1,18%"""
"10/09/2018,""504,13"",""504,91"",""505,21"",""497,32"",""529,89M"",""-0,61%"""
"07/09/2018,""507,20"",""498,22"",""507,20"",""496,06"",""756,37M"",""2,03%"""
"06/09/2018,""497,10"",""482,95"",""500,35"",""482,93"",""1,19B"",""2,22%"""
"05/09/2018,""486,31"",""503,78"",""503,78"",""480,28"",""1,44B"",""-4,40%"""
"04/09/2018,""508,71"",""514,22"",""514,58"",""506,50"",""792,59M"",""-0,87%"""
"03/09/2018,""513,20"",""519,65"",""519,65"",""511,74"",""503,60M"",""-0,96%"""
"31/08/2018,""518,16"",""514,35"",""518,16"",""509,83"",""981,94M"",""-0,16%"""
"30/08/2018,""518,97"",""526,52"",""527,35"",""518,25"",""744,42M"",""-1,17%"""
"29/08/2018,""525,09"",""519,43"",""525,64"",""517,16"",""825,69M"",""0,60%"""
"28/08/2018,""521,98"",""522,82"",""525,01"",""520,13"",""887,57M"",""0,24%"""
"27/08/2018,""520,75"",""516,11"",""520,75"",""515,76"",""962,12M"",""1,56%"""
"24/08/2018,""512,75"",""514,41"",""517,55"",""511,03"",""678,47M"",""-0,53%"""
"23/08/2018,""515,46"",""511,37"",""515,46"",""509,27"",""1,29B"",""1,31%"""
"21/08/2018,""508,79"",""505,15"",""510,78"",""504,56"",""898,44M"",""0,90%"""
"20/08/2018,""504,24"",""499,32"",""507,87"",""497,79"",""998,02M"",""2,41%"""
"16/08/2018,""492,38"",""492,72"",""496,16"",""487,69"",""970,47M"",""-0,83%"""
"15/08/2018,""496,50"",""493,37"",""497,50"",""482,96"",""960,83M"",""1,00%"""
"14/08/2018,""491,58"",""500,73"",""505,84"",""488,60"",""1,28B"",""-2,12%"""
"13/08/2018,""502,25"",""517,50"",""518,25"",""502,25"",""1,08B"",""-4,18%"""
"10/08/2018,""524,17"",""524,94"",""527,54"",""521,90"",""863,60M"",""0,40%"""
"09/08/2018,""522,10"",""522,85"",""525,22"",""520,25"",""986,99M"",""-0,45%"""
"08/08/2018,""524,44"",""528,94"",""529,39"",""523,56"",""977,30M"",""-0,35%"""
"07/08/2018,""526,27"",""528,71"",""529,94"",""524,45"",""942,90M"",""-0,53%"""
"06/08/2018,""529,07"",""519,53"",""529,69"",""519,50"",""1,11B"",""2,33%"""
"03/08/2018,""517,02"",""516,71"",""517,72"",""514,25"",""876,90M"",""0,13%"""
"02/08/2018,""516,34"",""519,97"",""521,38"",""516,34"",""916,07M"",""-0,52%"""
"01/08/2018,""519,05"",""509,86"",""519,14"",""508,14"",""1,20B"",""2,23%"""
"31/07/2018,""507,74"",""516,45"",""516,46"",""503,41"",""1,44B"",""-2,11%"""
"30/07/2018,""518,71"",""516,19"",""518,71"",""514,25"",""996,77M"",""0,70%"""
"27/07/2018,""515,08"",""510,87"",""515,72"",""509,32"",""632,38M"",""0,83%"""
"26/07/2018,""510,85"",""511,18"",""512,52"",""508,64"",""977,28M"",""0,36%"""
"25/07/2018,""509,01"",""512,01"",""512,59"",""508,96"",""581,19M"",""-0,37%"""
"24/07/2018,""510,88"",""512,54"",""513,43"",""509,67"",""1,04B"",""0,20%"""
"23/07/2018,""509,86"",""505,15"",""510,55"",""504,76"",""814,32M"",""1,36%"""
"20/07/2018,""503,04"",""499,50"",""503,04"",""498,34"",""914,08M"",""0,61%"""
"19/07/2018,""500,00"",""504,62"",""506,23"",""499,74"",""1,00B"",""-0,63%"""
"18/07/2018,""503,19"",""500,42"",""504,06"",""499,63"",""875,18M"",""0,74%"""
"17/07/2018,""499,50"",""502,06"",""502,52"",""497,13"",""883,85M"",""-1,29%"""
"16/07/2018,""506,02"",""509,63"",""510,78"",""499,03"",""732,78M"",""-0,81%"""
"13/07/2018,""510,13"",""505,75"",""511,90"",""505,75"",""1,07B"",""0,84%"""
"12/07/2018,""505,89"",""502,88"",""508,99"",""502,80"",""833,37M"",""0,00%"""
"11/07/2018,""505,87"",""499,93"",""506,97"",""497,16"",""999,08M"",""0,07%"""
"10/07/2018,""505,53"",""503,21"",""507,81"",""499,73"",""1,07B"",""1,36%"""
"09/07/2018,""498,75"",""490,00"",""500,53"",""488,60"",""890,44M"",""2,49%"""
"06/07/2018,""486,61"",""491,31"",""492,44"",""486,50"",""866,49M"",""-1,24%"""
"05/07/2018,""492,72"",""492,92"",""494,06"",""486,98"",""738,07M"",""-0,24%"""
"04/07/2018,""493,93"",""480,59"",""495,83"",""474,04"",""905,01M"",""3,01%"""
"03/07/2018,""479,50"",""488,50"",""490,82"",""479,14"",""1,03B"",""-2,16%"""
"02/07/2018,""490,11"",""497,59"",""498,82"",""490,11"",""742,54M"",""-0,67%"""
"29/06/2018,""493,42"",""482,00"",""493,42"",""481,27"",""1,08B"",""3,12%"""
"28/06/2018,""478,49"",""489,47"",""490,33"",""477,57"",""1,03B"",""-2,13%"""
"27/06/2018,""488,90"",""494,41"",""496,72"",""488,90"",""771,20M"",""-0,95%"""
"26/06/2018,""493,57"",""494,43"",""501,07"",""493,57"",""860,28M"",""-0,98%"""
"25/06/2018,""498,48"",""496,92"",""503,80"",""490,28"",""933,56M"",""1,09%"""
"22/06/2018,""493,10"",""491,45"",""495,15"",""487,36"",""1,09B"",""0,27%"""
"21/06/2018,""491,78"",""501,67"",""505,56"",""491,44"",""1,08B"",""-1,88%"""
"20/06/2018,""501,20"",""507,54"",""508,19"",""495,78"",""1,90B"",""-2,62%"""
"08/06/2018,""514,69"",""526,95"",""528,84"",""513,94"",""1,62B"",""-3,05%"""
"07/06/2018,""530,90"",""529,90"",""532,30"",""528,21"",""1,39B"",""0,77%"""
"06/06/2018,""526,86"",""528,29"",""529,37"",""525,47"",""1,38B"",""-0,47%"""
"05/06/2018,""529,35"",""525,13"",""529,35"",""522,83"",""1,21B"",""1,23%"""
"04/06/2018,""522,94"",""520,29"",""525,34"",""519,68"",""1,15B"",""1,03%"""
"31/05/2018,""517,63"",""528,04"",""528,94"",""514,90"",""2,37B"",""-1,26%"""
"30/05/2018,""524,25"",""527,78"",""535,70"",""523,62"",""1,40B"",""-1,53%"""
"28/05/2018,""532,41"",""521,32"",""534,78"",""520,75"",""1,08B"",""2,22%"""
"25/05/2018,""520,83"",""519,11"",""522,88"",""516,93"",""1,12B"",""0,58%"""
"24/05/2018,""517,84"",""506,23"",""518,79"",""506,14"",""1,33B"",""3,59%"""
"23/05/2018,""499,90"",""495,39"",""506,47"",""495,33"",""1,27B"",""1,33%"""
"22/05/2018,""493,34"",""495,55"",""500,91"",""492,81"",""1,11B"",""0,53%"""
"21/05/2018,""490,74"",""497,23"",""498,28"",""489,72"",""1,29B"",""-1,43%"""
"18/05/2018,""497,85"",""504,73"",""505,70"",""497,85"",""1,03B"",""-0,92%"""
"17/05/2018,""502,45"",""510,51"",""514,18"",""502,45"",""1,17B"",""-1,21%"""
"16/05/2018,""508,62"",""499,88"",""508,71"",""495,35"",""1,38B"",""0,09%"""
"15/05/2018,""508,16"",""520,70"",""521,88"",""507,96"",""1,14B"",""-3,01%"""
"14/05/2018,""523,94"",""520,57"",""523,94"",""512,63"",""833,70M"",""-0,02%"""
"11/05/2018,""524,02"",""522,48"",""532,55"",""522,14"",""1,26B"",""0,69%"""
"09/05/2018,""520,41"",""494,89"",""522,22"",""494,73"",""1,39B"",""3,92%"""
"08/05/2018,""500,80"",""508,22"",""508,43"",""495,67"",""939,22M"",""-2,10%"""
"07/05/2018,""511,55"",""503,60"",""511,87"",""501,88"",""947,25M"",""2,19%"""
"04/05/2018,""500,58"",""506,55"",""507,57"",""498,00"",""908,60M"",""-1,47%"""
"03/05/2018,""508,05"",""521,22"",""521,90"",""508,05"",""1,24B"",""-3,08%"""
"02/05/2018,""524,19"",""522,77"",""524,19"",""519,34"",""967,42M"",""0,38%"""
"30/04/2018,""522,20"",""517,26"",""525,50"",""517,07"",""957,54M"",""1,41%"""
"27/04/2018,""514,96"",""521,32"",""524,00"",""510,66"",""1,24B"",""0,38%"""
"26/04/2018,""513,02"",""531,84"",""532,89"",""512,17"",""1,43B"",""-3,52%"""
"25/04/2018,""531,76"",""549,31"",""549,51"",""530,72"",""1,01B"",""-3,44%"""
"24/04/2018,""550,72"",""560,99"",""561,24"",""550,20"",""788,96M"",""-1,69%"""
"23/04/2018,""560,21"",""562,72"",""563,42"",""558,99"",""966,74M"",""-0,68%"""
"20/04/2018,""564,05"",""567,22"",""567,39"",""560,63"",""1,32B"",""-0,56%"""
"19/04/2018,""567,21"",""564,15"",""567,21"",""562,53"",""1,40B"",""0,60%"""
"18/04/2018,""563,81"",""561,94"",""563,81"",""560,83"",""737,51M"",""0,76%"""
"17/04/2018,""559,53"",""560,04"",""561,51"",""556,40"",""1,37B"",""0,00%"""
"16/04/2018,""559,54"",""558,41"",""561,69"",""555,56"",""568,91M"",""0,42%"""
"13/04/2018,""557,19"",""565,20"",""566,20"",""557,19"",""546,22M"",""-1,13%"""
"12/04/2018,""563,55"",""569,25"",""569,81"",""560,61"",""668,73M"",""-1,27%"""
"11/04/2018,""570,79"",""570,88"",""573,75"",""569,72"",""902,42M"",""0,65%"""
"10/04/2018,""567,08"",""556,74"",""568,31"",""555,32"",""918,76M"",""1,78%"""
"09/04/2018,""557,18"",""549,60"",""557,18"",""548,91"",""652,29M"",""1,50%"""
"06/04/2018,""548,96"",""549,80"",""550,50"",""546,88"",""571,54M"",""-0,13%"""
"05/04/2018,""549,66"",""552,59"",""553,97"",""549,02"",""659,41M"",""0,41%"""
"04/04/2018,""547,40"",""556,90"",""557,33"",""544,79"",""1,07B"",""-1,44%"""
"03/04/2018,""555,41"",""552,71"",""556,24"",""551,85"",""601,36M"",""-0,22%"""
"02/04/2018,""556,61"",""549,39"",""556,61"",""546,08"",""602,53M"",""1,42%"""
"29/03/2018,""548,80"",""547,82"",""548,80"",""540,36"",""1,05B"",""0,53%"""
"28/03/2018,""545,93"",""552,74"",""552,78"",""543,04"",""677,83M"",""-1,54%"""
"27/03/2018,""554,47"",""560,00"",""562,68"",""551,40"",""877,18M"",""0,14%"""
"26/03/2018,""553,72"",""551,54"",""554,96"",""550,64"",""706,83M"",""-0,44%"""
"23/03/2018,""556,15"",""544,99"",""556,15"",""542,20"",""881,04M"",""-0,90%"""
"22/03/2018,""561,21"",""570,43"",""570,85"",""560,51"",""904,07M"",""-1,12%"""
"21/03/2018,""567,54"",""564,19"",""568,05"",""563,90"",""882,27M"",""0,97%"""
"20/03/2018,""562,10"",""563,92"",""564,86"",""558,41"",""951,68M"",""-0,86%"""
"19/03/2018,""566,96"",""569,52"",""569,67"",""564,73"",""713,33M"",""-0,19%"""
"16/03/2018,""568,03"",""569,14"",""569,77"",""558,29"",""1,47B"",""-0,13%"""
"15/03/2018,""568,79"",""573,72"",""574,50"",""568,79"",""875,83M"",""-1,23%"""
"14/03/2018,""575,88"",""578,20"",""578,40"",""573,15"",""769,77M"",""-0,45%"""
"13/03/2018,""578,48"",""587,85"",""588,14"",""576,89"",""1,86B"",""-1,69%"""
"12/03/2018,""588,42"",""585,99"",""588,42"",""584,10"",""976,50M"",""0,99%"""
"09/03/2018,""582,66"",""586,10"",""586,88"",""576,96"",""771,00M"",""-0,52%"""
"08/03/2018,""585,70"",""582,85"",""586,64"",""579,93"",""1,13B"",""1,58%"""
"07/03/2018,""576,60"",""589,90"",""591,89"",""575,20"",""1,53B"",""-2,26%"""
"06/03/2018,""589,93"",""600,26"",""601,13"",""588,61"",""719,55M"",""-1,13%"""
"05/03/2018,""596,65"",""602,76"",""603,70"",""595,89"",""772,21M"",""-0,77%"""
"02/03/2018,""601,29"",""601,69"",""601,69"",""597,36"",""950,65M"",""-0,24%"""
"01/03/2018,""602,74"",""602,32"",""605,78"",""601,43"",""1,00B"",""0,32%"""
"28/02/2018,""600,81"",""602,38"",""603,55"",""597,74"",""1,12B"",""-0,34%"""
"27/02/2018,""602,88"",""599,16"",""602,88"",""598,10"",""1,04B"",""1,07%"""
"26/02/2018,""596,49"",""606,37"",""607,46"",""596,49"",""777,07M"",""-1,67%"""
"23/02/2018,""606,59"",""606,02"",""611,32"",""605,89"",""861,31M"",""0,43%"""
"22/02/2018,""603,97"",""611,76"",""612,09"",""603,32"",""746,02M"",""-1,19%"""
"21/02/2018,""611,23"",""611,56"",""613,12"",""607,29"",""1,02B"",""-0,38%"""
"20/02/2018,""613,57"",""615,66"",""615,95"",""608,35"",""836,35M"",""-0,41%"""
"19/02/2018,""616,12"",""608,17"",""616,12"",""607,41"",""1,39B"",""1,76%"""
"15/02/2018,""605,46"",""610,39"",""610,77"",""604,45"",""1,29B"",""-0,37%"""
"14/02/2018,""607,73"",""606,16"",""608,34"",""604,86"",""850,62M"",""0,20%"""
"13/02/2018,""606,53"",""602,80"",""608,06"",""602,75"",""1,04B"",""1,05%"""
"12/02/2018,""600,22"",""601,10"",""602,08"",""599,05"",""1,68B"",""0,00%"""
"09/02/2018,""600,21"",""597,30"",""601,20"",""595,91"",""1,12B"",""-0,68%"""
"08/02/2018,""604,30"",""604,60"",""605,22"",""600,97"",""1,40B"",""0,15%"""
"07/02/2018,""603,41"",""603,08"",""607,69"",""600,89"",""2,39B"",""1,11%"""
"06/02/2018,""596,76"",""593,98"",""599,60"",""592,15"",""2,34B"",""-1,38%"""
"05/02/2018,""605,14"",""597,41"",""608,19"",""595,66"",""864,27M"",""-0,30%"""
"02/02/2018,""606,97"",""609,05"",""610,68"",""606,74"",""970,04M"",""0,61%"""
"01/02/2018,""603,27"",""606,12"",""609,93"",""603,27"",""1,19B"",""-0,01%"""
"31/01/2018,""603,31"",""598,84"",""607,82"",""596,48"",""1,37B"",""0,15%"""
"30/01/2018,""602,39"",""612,95"",""613,18"",""600,34"",""1,51B"",""-2,06%"""
"29/01/2018,""615,08"",""618,03"",""618,45"",""609,76"",""1,53B"",""-0,21%"""
"26/01/2018,""616,39"",""611,91"",""618,81"",""611,87"",""1,40B"",""0,74%"""
"25/01/2018,""611,88"",""617,92"",""618,37"",""609,01"",""1,58B"",""-0,68%"""
"24/01/2018,""616,04"",""621,06"",""621,46"",""614,41"",""1,77B"",""-0,82%"""
"23/01/2018,""621,16"",""609,07"",""621,16"",""608,36"",""1,41B"",""2,90%"""
"22/01/2018,""603,63"",""603,26"",""607,37"",""601,02"",""1,16B"",""0,16%"""
"19/01/2018,""602,67"",""603,44"",""603,58"",""597,13"",""1,04B"",""0,14%"""
"18/01/2018,""601,82"",""600,39"",""603,77"",""599,57"",""1,71B"",""0,53%"""
"17/01/2018,""598,67"",""598,54"",""599,94"",""596,44"",""1,80B"",""0,02%"""
"16/01/2018,""598,57"",""594,15"",""598,63"",""593,40"",""1,18B"",""0,82%"""
"15/01/2018,""593,73"",""594,63"",""595,57"",""591,13"",""639,86M"",""0,05%"""
"12/01/2018,""593,44"",""595,53"",""597,13"",""591,42"",""933,25M"",""-0,24%"""
"11/01/2018,""594,85"",""593,35"",""594,85"",""589,08"",""932,28M"",""0,32%"""
"10/01/2018,""592,95"",""594,82"",""597,67"",""590,94"",""1,17B"",""-0,14%"""
"09/01/2018,""593,76"",""597,17"",""597,39"",""590,77"",""987,04M"",""-0,40%"""
"08/01/2018,""596,12"",""593,24"",""596,12"",""592,33"",""986,91M"",""0,47%"""
"05/01/2018,""593,32"",""584,43"",""593,32"",""584,24"",""693,02M"",""1,19%"""
"04/01/2018,""586,36"",""580,91"",""586,36"",""578,45"",""954,55M"",""1,09%"""
"03/01/2018,""580,02"",""591,39"",""591,47"",""576,08"",""752,54M"",""-1,91%"""
"02/01/2018,""591,29"",""594,56"",""606,26"",""589,52"",""616,73M"",""-0,31%"""
"29/12/2017,""593,11"",""589,70"",""596,24"",""588,58"",""1,06B"",""0,86%"""
"28/12/2017,""588,08"",""584,34"",""588,08"",""580,07"",""846,44M"",""0,76%"""
"27/12/2017,""583,63"",""577,36"",""583,63"",""577,03"",""538,39M"",""0,88%"""
"22/12/2017,""578,53"",""572,87"",""578,53"",""571,16"",""675,54M"",""0,94%"""
"21/12/2017,""573,14"",""566,37"",""573,62"",""565,84"",""769,38M"",""1,73%"""
"20/12/2017,""563,40"",""571,03"",""571,11"",""561,25"",""1,47B"",""-1,38%"""
"19/12/2017,""571,29"",""565,03"",""572,82"",""564,24"",""1,34B"",""0,52%"""
"18/12/2017,""568,32"",""563,58"",""568,32"",""560,40"",""1,14B"",""0,60%"""
"15/12/2017,""564,93"",""563,82"",""564,95"",""560,33"",""1,41B"",""-0,23%"""
"14/12/2017,""566,23"",""561,37"",""566,67"",""560,83"",""1,23B"",""1,10%"""
"13/12/2017,""560,05"",""558,26"",""560,24"",""556,31"",""537,82M"",""0,17%"""
"12/12/2017,""559,12"",""561,33"",""561,52"",""556,80"",""701,70M"",""-0,10%"""
"11/12/2017,""559,69"",""559,70"",""561,50"",""558,31"",""1,09B"",""0,33%"""
"08/12/2017,""557,84"",""556,50"",""559,18"",""555,87"",""804,44M"",""0,52%"""
"07/12/2017,""554,98"",""558,14"",""558,55"",""554,98"",""698,12M"",""-0,67%"""
"06/12/2017,""558,75"",""554,78"",""560,92"",""554,64"",""1,09B"",""0,76%"""
"05/12/2017,""554,52"",""555,29"",""558,75"",""553,07"",""986,23M"",""0,47%"""
"04/12/2017,""551,90"",""551,41"",""557,08"",""549,46"",""1,25B"",""1,79%"""
"30/11/2017,""542,17"",""556,70"",""557,64"",""542,17"",""2,75B"",""-2,84%"""
"29/11/2017,""558,00"",""560,84"",""561,83"",""556,61"",""776,38M"",""-0,65%"""
"28/11/2017,""561,67"",""556,99"",""561,67"",""554,57"",""946,93M"",""0,58%"""
"27/11/2017,""558,41"",""556,50"",""558,46"",""553,72"",""784,30M"",""0,13%"""
"24/11/2017,""557,70"",""556,04"",""558,86"",""552,05"",""724,61M"",""0,30%"""
"23/11/2017,""556,03"",""557,73"",""558,73"",""555,06"",""579,43M"",""-0,03%"""
"22/11/2017,""556,22"",""553,23"",""556,68"",""553,17"",""754,46M"",""0,72%"""
"21/11/2017,""552,27"",""554,45"",""556,37"",""550,18"",""683,62M"",""-0,18%"""
"20/11/2017,""553,29"",""555,15"",""559,92"",""553,29"",""569,88M"",""0,03%"""
"17/11/2017,""553,11"",""553,05"",""558,89"",""552,62"",""767,29M"",""0,39%"""
"16/11/2017,""550,96"",""543,54"",""553,71"",""543,39"",""905,99M"",""1,75%"""
"15/11/2017,""541,50"",""544,36"",""547,54"",""541,50"",""992,48M"",""-0,13%"""
"14/11/2017,""542,19"",""546,21"",""548,84"",""542,19"",""899,58M"",""-0,82%"""
"13/11/2017,""546,68"",""546,55"",""549,34"",""545,55"",""630,77M"",""-0,02%"""
"10/11/2017,""546,80"",""548,93"",""550,57"",""546,03"",""724,26M"",""-0,33%"""
"09/11/2017,""548,63"",""551,51"",""552,59"",""548,46"",""832,04M"",""-0,37%"""
"08/11/2017,""550,66"",""550,22"",""552,51"",""548,50"",""807,76M"",""-0,11%"""
"07/11/2017,""551,25"",""550,26"",""551,82"",""549,06"",""652,19M"",""0,28%"""
"06/11/2017,""549,70"",""547,76"",""552,08"",""547,25"",""1,12B"",""0,11%"""
"03/11/2017,""549,07"",""548,52"",""550,19"",""542,02"",""948,03M"",""0,46%"""
"02/11/2017,""546,56"",""547,63"",""552,09"",""546,56"",""1,31B"",""0,13%"""
"01/11/2017,""545,83"",""543,02"",""545,83"",""541,41"",""1,45B"",""0,80%"""
"31/10/2017,""541,52"",""546,37"",""546,39"",""540,22"",""796,26M"",""0,73%"""
"30/10/2017,""537,62"",""539,39"",""541,23"",""537,09"",""969,40M"",""0,02%"""
"27/10/2017,""537,50"",""540,85"",""543,64"",""537,05"",""782,70M"",""-0,61%"""
"26/10/2017,""540,78"",""542,11"",""545,43"",""540,14"",""1,04B"",""-0,47%"""
"25/10/2017,""543,32"",""537,69"",""543,32"",""536,69"",""1,21B"",""1,32%"""
"24/10/2017,""536,22"",""539,50"",""541,10"",""536,22"",""1,46B"",""-0,50%"""
"23/10/2017,""538,89"",""539,49"",""542,03"",""538,89"",""713,11M"",""0,34%"""
"20/10/2017,""537,07"",""536,78"",""541,87"",""535,92"",""959,90M"",""0,40%"""
"19/10/2017,""534,95"",""539,37"",""539,52"",""534,54"",""3,19B"",""-0,89%"""
"18/10/2017,""539,74"",""543,00"",""543,21"",""535,96"",""3,43B"",""-0,41%"""
"17/10/2017,""541,94"",""542,55"",""542,92"",""538,46"",""1,78B"",""0,08%"""
"16/10/2017,""541,50"",""539,12"",""542,67"",""539,12"",""2,83B"",""0,51%"""
"13/10/2017,""538,73"",""538,12"",""541,28"",""537,58"",""1,94B"",""0,11%"""
"12/10/2017,""538,14"",""533,64"",""539,60"",""533,12"",""3,21B"",""0,95%"""
"11/10/2017,""533,05"",""535,76"",""536,37"",""530,48"",""1,01B"",""-0,65%"""
"10/10/2017,""536,54"",""538,14"",""538,63"",""534,99"",""697,84M"",""-0,28%"""
"09/10/2017,""538,03"",""537,62"",""539,51"",""536,54"",""759,74M"",""0,10%"""
"06/10/2017,""537,50"",""539,30"",""539,38"",""535,34"",""621,61M"",""0,19%"""
"05/10/2017,""536,47"",""541,62"",""541,62"",""535,76"",""997,49M"",""-0,88%"""
"04/10/2017,""541,23"",""542,24"",""543,35"",""540,89"",""903,04M"",""0,15%"""
"03/10/2017,""540,41"",""537,99"",""543,64"",""536,25"",""736,04M"",""0,45%"""
"02/10/2017,""537,97"",""536,72"",""538,60"",""536,18"",""1,05B"",""0,68%"""
"29/09/2017,""534,31"",""530,48"",""537,21"",""529,57"",""1,07B"",""1,08%"""
"28/09/2017,""528,62"",""531,90"",""532,86"",""528,62"",""1,21B"",""-0,67%"""
"27/09/2017,""532,17"",""532,98"",""533,05"",""530,10"",""1,33B"",""0,08%"""
"26/09/2017,""531,75"",""534,70"",""535,53"",""531,21"",""1,52B"",""-0,47%"""
"25/09/2017,""534,26"",""535,22"",""536,08"",""532,71"",""527,49M"",""-0,25%"""
"22/09/2017,""535,61"",""535,16"",""538,22"",""531,93"",""660,99M"",""0,07%"""
"20/09/2017,""535,24"",""534,80"",""535,40"",""532,65"",""624,90M"",""0,09%"""
"19/09/2017,""534,77"",""533,25"",""534,77"",""531,30"",""756,99M"",""0,29%"""
"18/09/2017,""533,21"",""531,91"",""533,21"",""529,19"",""874,89M"",""0,31%"""
"15/09/2017,""531,57"",""530,67"",""533,85"",""528,15"",""947,10M"",""0,21%"""
"14/09/2017,""530,47"",""530,61"",""532,41"",""529,76"",""770,42M"",""0,06%"""
"13/09/2017,""530,13"",""530,59"",""533,06"",""529,46"",""751,33M"",""-0,42%"""
"12/09/2017,""532,35"",""532,51"",""533,16"",""531,34"",""843,59M"",""0,08%"""
"11/09/2017,""531,92"",""532,20"",""533,82"",""531,06"",""647,47M"",""0,13%"""
"08/09/2017,""531,21"",""526,75"",""532,50"",""526,25"",""629,04M"",""0,61%"""
"07/09/2017,""528,00"",""527,13"",""528,71"",""525,12"",""575,63M"",""0,15%"""
"06/09/2017,""527,21"",""524,91"",""528,31"",""524,39"",""1,08B"",""-0,15%"""
"05/09/2017,""528,01"",""527,55"",""528,03"",""521,61"",""938,04M"",""0,33%"""
"04/09/2017,""526,28"",""531,20"",""531,82"",""525,95"",""1,62B"",""-1,12%"""
"31/08/2017,""532,22"",""533,52"",""534,33"",""530,71"",""1,62B"",""-0,23%"""
"30/08/2017,""533,47"",""535,05"",""535,63"",""531,49"",""1,06B"",""-0,31%"""
"29/08/2017,""535,11"",""535,58"",""535,75"",""531,75"",""1,57B"",""-0,22%"""
"28/08/2017,""536,28"",""536,22"",""537,54"",""534,51"",""2,18B"",""-0,30%"""
"25/08/2017,""537,89"",""537,16"",""538,49"",""534,00"",""541,28M"",""0,47%"""
"24/08/2017,""535,40"",""537,59"",""537,76"",""532,99"",""646,01M"",""-0,44%"""
"23/08/2017,""537,78"",""536,19"",""537,78"",""532,97"",""601,75M"",""0,80%"""
"22/08/2017,""533,49"",""531,43"",""533,96"",""531,42"",""775,04M"",""0,41%"""
"21/08/2017,""531,33"",""534,98"",""535,69"",""530,61"",""1,05B"",""-0,73%"""
"18/08/2017,""535,23"",""533,64"",""537,86"",""532,35"",""1,36B"",""-0,04%"""
"16/08/2017,""535,42"",""527,66"",""535,42"",""527,01"",""1,24B"",""1,67%"""
"15/08/2017,""526,62"",""524,69"",""528,12"",""523,58"",""792,04M"",""0,53%"""
"14/08/2017,""523,82"",""522,16"",""524,82"",""521,96"",""902,01M"",""0,71%"""
"11/08/2017,""520,13"",""524,20"",""524,34"",""519,08"",""1,66B"",""-1,14%"""
"10/08/2017,""526,12"",""527,56"",""527,93"",""524,45"",""1,17B"",""-0,16%"""
"09/08/2017,""526,97"",""526,94"",""527,31"",""523,23"",""836,95M"",""0,06%"""
"08/08/2017,""526,63"",""520,68"",""526,63"",""520,68"",""660,30M"",""1,28%"""
"07/08/2017,""520,00"",""523,04"",""526,03"",""519,97"",""631,23M"",""-0,50%"""
"04/08/2017,""522,60"",""523,19"",""525,14"",""521,54"",""680,63M"",""-0,24%"""
"03/08/2017,""523,87"",""528,49"",""528,86"",""523,81"",""521,84M"",""-1,06%"""
"02/08/2017,""529,46"",""528,11"",""529,46"",""525,25"",""834,30M"",""0,50%"""
"01/08/2017,""526,80"",""533,14"",""533,56"",""526,80"",""701,90M"",""-0,90%"""
"31/07/2017,""531,58"",""530,09"",""533,38"",""529,22"",""1,02B"",""-0,06%"""
